huggingface_model_id,benchmark,score
HuggingFaceTB/SmolLM2-1.7B-Instruct,AIME24,0.0
HuggingFaceTB/SmolLM2-1.7B-Instruct,AIME25,0.0
HuggingFaceTB/SmolLM2-1.7B-Instruct,AMC23,15.0
HuggingFaceTB/SmolLM2-1.7B-Instruct,GPQADiamond,29.12
HuggingFaceTB/SmolLM2-1.7B-Instruct,HumanEval,19.92
HuggingFaceTB/SmolLM2-1.7B-Instruct,IFEval,54.43
HuggingFaceTB/SmolLM2-1.7B-Instruct,JEEBench,9.22
HuggingFaceTB/SmolLM2-1.7B-Instruct,LiveCodeBench,5.09
HuggingFaceTB/SmolLM2-1.7B-Instruct,MATH500,17.0
HuggingFaceTB/SmolLM2-1.7B-Instruct,MBPP,39.2
Qwen/Qwen2.5-1.5B,AIME24,0.0
Qwen/Qwen2.5-1.5B,AIME25,0.0
Qwen/Qwen2.5-1.5B,AMC23,0.0
Qwen/Qwen2.5-1.5B,GPQADiamond,7.41
Qwen/Qwen2.5-1.5B,HumanEval,13.83
Qwen/Qwen2.5-1.5B,IFEval,22.7
Qwen/Qwen2.5-1.5B,JEEBench,0.24
Qwen/Qwen2.5-1.5B,LiveCodeBench,0.2
Qwen/Qwen2.5-1.5B,MATH500,1.0
Qwen/Qwen2.5-1.5B,MBPP,0.0
Qwen/Qwen2.5-1.5B-Instruct,AIME24,3.33
Qwen/Qwen2.5-1.5B-Instruct,AIME25,0.0
Qwen/Qwen2.5-1.5B-Instruct,AMC23,30.0
Qwen/Qwen2.5-1.5B-Instruct,GPQADiamond,25.59
Qwen/Qwen2.5-1.5B-Instruct,HumanEval,34.84
Qwen/Qwen2.5-1.5B-Instruct,IFEval,46.32
Qwen/Qwen2.5-1.5B-Instruct,JEEBench,16.7
Qwen/Qwen2.5-1.5B-Instruct,LiveCodeBench,10.57
Qwen/Qwen2.5-1.5B-Instruct,MATH500,46.6
Qwen/Qwen2.5-1.5B-Instruct,MBPP,37.2
Qwen/Qwen3-1.7B,GPQADiamond,39.73
Qwen/Qwen3-1.7B,HumanEval,7.36
Qwen/Qwen3-1.7B,IFEval,31.67
Qwen/Qwen3-1.7B,MATH500,85.0
Qwen/Qwen3-1.7B,MBPP,0.0
Qwen/Qwen3-1.7B-Base,AIME24,0.0
Qwen/Qwen3-1.7B-Base,AIME25,0.0
Qwen/Qwen3-1.7B-Base,AMC23,22.5
Qwen/Qwen3-1.7B-Base,GPQADiamond,24.75
Qwen/Qwen3-1.7B-Base,HumanEval,32.98
Qwen/Qwen3-1.7B-Base,IFEval,30.1
Qwen/Qwen3-1.7B-Base,JEEBench,17.67
Qwen/Qwen3-1.7B-Base,MATH500,46.4
Qwen/Qwen3-1.7B-Base,MBPP,46.8
ali-elganzory/0.4b-mixturevitae-v1-decontaminated-300B-4096,AIME24,3.33
ali-elganzory/0.4b-mixturevitae-v1-decontaminated-300B-4096,AIME25,0.0
ali-elganzory/0.4b-mixturevitae-v1-decontaminated-300B-4096,AMC23,2.5
ali-elganzory/0.4b-mixturevitae-v1-decontaminated-300B-4096,GPQADiamond,22.39
ali-elganzory/0.4b-mixturevitae-v1-decontaminated-300B-4096,HumanEval,1.24
ali-elganzory/0.4b-mixturevitae-v1-decontaminated-300B-4096,IFEval,19.56
ali-elganzory/0.4b-mixturevitae-v1-decontaminated-300B-4096,JEEBench,1.07
ali-elganzory/0.4b-mixturevitae-v1-decontaminated-300B-4096,LiveCodeBench,0.98
ali-elganzory/0.4b-mixturevitae-v1-decontaminated-300B-4096,MATH500,0.6
ali-elganzory/0.4b-mixturevitae-v1-decontaminated-300B-4096,MBPP,5.2
ali-elganzory/0.4b-mixturevitae-v1-decontaminated-300B-4096-DPO-Tulu3-decontaminated,AIME24,0.0
ali-elganzory/0.4b-mixturevitae-v1-decontaminated-300B-4096-DPO-Tulu3-decontaminated,AIME25,0.0
ali-elganzory/0.4b-mixturevitae-v1-decontaminated-300B-4096-DPO-Tulu3-decontaminated,AMC23,2.5
ali-elganzory/0.4b-mixturevitae-v1-decontaminated-300B-4096-DPO-Tulu3-decontaminated,GPQADiamond,24.07
ali-elganzory/0.4b-mixturevitae-v1-decontaminated-300B-4096-DPO-Tulu3-decontaminated,HumanEval,15.26
ali-elganzory/0.4b-mixturevitae-v1-decontaminated-300B-4096-DPO-Tulu3-decontaminated,IFEval,28.12
ali-elganzory/0.4b-mixturevitae-v1-decontaminated-300B-4096-DPO-Tulu3-decontaminated,JEEBench,2.28
ali-elganzory/0.4b-mixturevitae-v1-decontaminated-300B-4096-DPO-Tulu3-decontaminated,LiveCodeBench,8.22
ali-elganzory/0.4b-mixturevitae-v1-decontaminated-300B-4096-DPO-Tulu3-decontaminated,MATH500,7.4
ali-elganzory/0.4b-mixturevitae-v1-decontaminated-300B-4096-DPO-Tulu3-decontaminated,MBPP,22.6
ali-elganzory/0.4b-mixturevitae-v1-decontaminated-300B-4096-SFT-Tulu3-decontaminated,AIME24,0.0
ali-elganzory/0.4b-mixturevitae-v1-decontaminated-300B-4096-SFT-Tulu3-decontaminated,AIME25,0.0
ali-elganzory/0.4b-mixturevitae-v1-decontaminated-300B-4096-SFT-Tulu3-decontaminated,AMC23,2.5
ali-elganzory/0.4b-mixturevitae-v1-decontaminated-300B-4096-SFT-Tulu3-decontaminated,GPQADiamond,25.59
ali-elganzory/0.4b-mixturevitae-v1-decontaminated-300B-4096-SFT-Tulu3-decontaminated,HumanEval,0.62
ali-elganzory/0.4b-mixturevitae-v1-decontaminated-300B-4096-SFT-Tulu3-decontaminated,IFEval,27.11
ali-elganzory/0.4b-mixturevitae-v1-decontaminated-300B-4096-SFT-Tulu3-decontaminated,JEEBench,1.7
ali-elganzory/0.4b-mixturevitae-v1-decontaminated-300B-4096-SFT-Tulu3-decontaminated,LiveCodeBench,7.05
ali-elganzory/0.4b-mixturevitae-v1-decontaminated-300B-4096-SFT-Tulu3-decontaminated,MATH500,6.2
ali-elganzory/0.4b-mixturevitae-v1-decontaminated-300B-4096-SFT-Tulu3-decontaminated,MBPP,12.2
ali-elganzory/0.4b-mixturevitae-v1-decontaminated-300B-4096-longsft_16k,AIME24,0.0
ali-elganzory/0.4b-mixturevitae-v1-decontaminated-300B-4096-longsft_16k,AIME25,0.0
ali-elganzory/0.4b-mixturevitae-v1-decontaminated-300B-4096-longsft_16k,AMC23,7.5
ali-elganzory/0.4b-mixturevitae-v1-decontaminated-300B-4096-longsft_16k,GPQADiamond,22.22
ali-elganzory/0.4b-mixturevitae-v1-decontaminated-300B-4096-longsft_16k,HumanEval,6.43
ali-elganzory/0.4b-mixturevitae-v1-decontaminated-300B-4096-longsft_16k,IFEval,32.58
ali-elganzory/0.4b-mixturevitae-v1-decontaminated-300B-4096-longsft_16k,JEEBench,4.32
ali-elganzory/0.4b-mixturevitae-v1-decontaminated-300B-4096-longsft_16k,LiveCodeBench,0.78
ali-elganzory/0.4b-mixturevitae-v1-decontaminated-300B-4096-longsft_16k,MATH500,19.8
ali-elganzory/0.4b-mixturevitae-v1-decontaminated-300B-4096-longsft_16k,MBPP,13.8
ali-elganzory/0.4b-mixturevitae-v1-decontaminated-300B-4096-longsft_16k-DPO-Tulu3-decontaminated,AIME24,0.0
ali-elganzory/0.4b-mixturevitae-v1-decontaminated-300B-4096-longsft_16k-DPO-Tulu3-decontaminated,AIME25,0.0
ali-elganzory/0.4b-mixturevitae-v1-decontaminated-300B-4096-longsft_16k-DPO-Tulu3-decontaminated,AMC23,2.5
ali-elganzory/0.4b-mixturevitae-v1-decontaminated-300B-4096-longsft_16k-DPO-Tulu3-decontaminated,GPQADiamond,23.06
ali-elganzory/0.4b-mixturevitae-v1-decontaminated-300B-4096-longsft_16k-DPO-Tulu3-decontaminated,HumanEval,7.65
ali-elganzory/0.4b-mixturevitae-v1-decontaminated-300B-4096-longsft_16k-DPO-Tulu3-decontaminated,IFEval,31.35
ali-elganzory/0.4b-mixturevitae-v1-decontaminated-300B-4096-longsft_16k-DPO-Tulu3-decontaminated,JEEBench,2.57
ali-elganzory/0.4b-mixturevitae-v1-decontaminated-300B-4096-longsft_16k-DPO-Tulu3-decontaminated,LiveCodeBench,1.57
ali-elganzory/0.4b-mixturevitae-v1-decontaminated-300B-4096-longsft_16k-DPO-Tulu3-decontaminated,MATH500,6.8
ali-elganzory/0.4b-mixturevitae-v1-decontaminated-300B-4096-longsft_16k-DPO-Tulu3-decontaminated,MBPP,11.2
ali-elganzory/0.4b-mixturevitae-v1-decontaminated-300B-4096-longsft_16k-SFT-Tulu3-decontaminated,AIME24,0.0
ali-elganzory/0.4b-mixturevitae-v1-decontaminated-300B-4096-longsft_16k-SFT-Tulu3-decontaminated,AIME25,0.0
ali-elganzory/0.4b-mixturevitae-v1-decontaminated-300B-4096-longsft_16k-SFT-Tulu3-decontaminated,AMC23,2.5
ali-elganzory/0.4b-mixturevitae-v1-decontaminated-300B-4096-longsft_16k-SFT-Tulu3-decontaminated,GPQADiamond,22.9
ali-elganzory/0.4b-mixturevitae-v1-decontaminated-300B-4096-longsft_16k-SFT-Tulu3-decontaminated,HumanEval,8.88
ali-elganzory/0.4b-mixturevitae-v1-decontaminated-300B-4096-longsft_16k-SFT-Tulu3-decontaminated,IFEval,29.9
ali-elganzory/0.4b-mixturevitae-v1-decontaminated-300B-4096-longsft_16k-SFT-Tulu3-decontaminated,JEEBench,2.33
ali-elganzory/0.4b-mixturevitae-v1-decontaminated-300B-4096-longsft_16k-SFT-Tulu3-decontaminated,LiveCodeBench,1.37
ali-elganzory/0.4b-mixturevitae-v1-decontaminated-300B-4096-longsft_16k-SFT-Tulu3-decontaminated,MATH500,6.2
ali-elganzory/0.4b-mixturevitae-v1-decontaminated-300B-4096-longsft_16k-SFT-Tulu3-decontaminated,MBPP,13.6
ali-elganzory/1.7b-Comma0.1-300BT-DPO-Tulu3-decontaminated,AIME24,0.0
ali-elganzory/1.7b-Comma0.1-300BT-DPO-Tulu3-decontaminated,AIME25,0.0
ali-elganzory/1.7b-Comma0.1-300BT-DPO-Tulu3-decontaminated,AMC23,0.0
ali-elganzory/1.7b-Comma0.1-300BT-DPO-Tulu3-decontaminated,GPQADiamond,27.78
ali-elganzory/1.7b-Comma0.1-300BT-DPO-Tulu3-decontaminated,HumanEval,9.5
ali-elganzory/1.7b-Comma0.1-300BT-DPO-Tulu3-decontaminated,IFEval,39.16
ali-elganzory/1.7b-Comma0.1-300BT-DPO-Tulu3-decontaminated,JEEBench,5.58
ali-elganzory/1.7b-Comma0.1-300BT-DPO-Tulu3-decontaminated,LiveCodeBench,1.76
ali-elganzory/1.7b-Comma0.1-300BT-DPO-Tulu3-decontaminated,MATH500,1.6
ali-elganzory/1.7b-Comma0.1-300BT-DPO-Tulu3-decontaminated,MBPP,22.6
ali-elganzory/1.7b-Comma0.1-300BT-SFT-Tulu3-decontaminated,AIME24,0.0
ali-elganzory/1.7b-Comma0.1-300BT-SFT-Tulu3-decontaminated,AIME25,0.0
ali-elganzory/1.7b-Comma0.1-300BT-SFT-Tulu3-decontaminated,AMC23,0.0
ali-elganzory/1.7b-Comma0.1-300BT-SFT-Tulu3-decontaminated,GPQADiamond,25.76
ali-elganzory/1.7b-Comma0.1-300BT-SFT-Tulu3-decontaminated,HumanEval,8.57
ali-elganzory/1.7b-Comma0.1-300BT-SFT-Tulu3-decontaminated,IFEval,36.82
ali-elganzory/1.7b-Comma0.1-300BT-SFT-Tulu3-decontaminated,JEEBench,4.27
ali-elganzory/1.7b-Comma0.1-300BT-SFT-Tulu3-decontaminated,LiveCodeBench,1.76
ali-elganzory/1.7b-Comma0.1-300BT-SFT-Tulu3-decontaminated,MATH500,0.6
ali-elganzory/1.7b-Comma0.1-300BT-SFT-Tulu3-decontaminated,MBPP,22.8
ali-elganzory/1.7b-Comma0.1-300BT-WithChatTemplate,AIME24,0.0
ali-elganzory/1.7b-Comma0.1-300BT-WithChatTemplate,AIME25,0.0
ali-elganzory/1.7b-Comma0.1-300BT-WithChatTemplate,AMC23,0.0
ali-elganzory/1.7b-Comma0.1-300BT-WithChatTemplate,GPQADiamond,22.05
ali-elganzory/1.7b-Comma0.1-300BT-WithChatTemplate,HumanEval,4.28
ali-elganzory/1.7b-Comma0.1-300BT-WithChatTemplate,IFEval,28.49
ali-elganzory/1.7b-Comma0.1-300BT-WithChatTemplate,JEEBench,0.0
ali-elganzory/1.7b-Comma0.1-300BT-WithChatTemplate,LiveCodeBench,0.0
ali-elganzory/1.7b-Comma0.1-300BT-WithChatTemplate,MATH500,0.0
ali-elganzory/1.7b-Comma0.1-300BT-WithChatTemplate,MBPP,9.0
ali-elganzory/1.7b-Comma0.1-300BT-longsft_16k,AIME24,0.0
ali-elganzory/1.7b-Comma0.1-300BT-longsft_16k,AIME25,0.0
ali-elganzory/1.7b-Comma0.1-300BT-longsft_16k,AMC23,2.5
ali-elganzory/1.7b-Comma0.1-300BT-longsft_16k,GPQADiamond,27.1
ali-elganzory/1.7b-Comma0.1-300BT-longsft_16k,HumanEval,5.51
ali-elganzory/1.7b-Comma0.1-300BT-longsft_16k,IFEval,37.03
ali-elganzory/1.7b-Comma0.1-300BT-longsft_16k,JEEBench,8.16
ali-elganzory/1.7b-Comma0.1-300BT-longsft_16k,LiveCodeBench,0.2
ali-elganzory/1.7b-Comma0.1-300BT-longsft_16k,MATH500,2.0
ali-elganzory/1.7b-Comma0.1-300BT-longsft_16k,MBPP,3.0
ali-elganzory/1.7b-Comma0.1-300BT-longsft_16k-DPO-Tulu3-decontaminated,AIME24,0.0
ali-elganzory/1.7b-Comma0.1-300BT-longsft_16k-DPO-Tulu3-decontaminated,AIME25,0.0
ali-elganzory/1.7b-Comma0.1-300BT-longsft_16k-DPO-Tulu3-decontaminated,AMC23,2.5
ali-elganzory/1.7b-Comma0.1-300BT-longsft_16k-DPO-Tulu3-decontaminated,GPQADiamond,23.74
ali-elganzory/1.7b-Comma0.1-300BT-longsft_16k-DPO-Tulu3-decontaminated,HumanEval,7.36
ali-elganzory/1.7b-Comma0.1-300BT-longsft_16k-DPO-Tulu3-decontaminated,IFEval,43.5
ali-elganzory/1.7b-Comma0.1-300BT-longsft_16k-DPO-Tulu3-decontaminated,JEEBench,5.63
ali-elganzory/1.7b-Comma0.1-300BT-longsft_16k-DPO-Tulu3-decontaminated,LiveCodeBench,2.35
ali-elganzory/1.7b-Comma0.1-300BT-longsft_16k-DPO-Tulu3-decontaminated,MATH500,1.8
ali-elganzory/1.7b-Comma0.1-300BT-longsft_16k-DPO-Tulu3-decontaminated,MBPP,6.0
ali-elganzory/1.7b-Comma0.1-300BT-longsft_16k-SFT-Tulu3-decontaminated,AIME24,0.0
ali-elganzory/1.7b-Comma0.1-300BT-longsft_16k-SFT-Tulu3-decontaminated,AIME25,0.0
ali-elganzory/1.7b-Comma0.1-300BT-longsft_16k-SFT-Tulu3-decontaminated,AMC23,2.5
ali-elganzory/1.7b-Comma0.1-300BT-longsft_16k-SFT-Tulu3-decontaminated,GPQADiamond,26.09
ali-elganzory/1.7b-Comma0.1-300BT-longsft_16k-SFT-Tulu3-decontaminated,HumanEval,4.9
ali-elganzory/1.7b-Comma0.1-300BT-longsft_16k-SFT-Tulu3-decontaminated,IFEval,40.7
ali-elganzory/1.7b-Comma0.1-300BT-longsft_16k-SFT-Tulu3-decontaminated,JEEBench,4.51
ali-elganzory/1.7b-Comma0.1-300BT-longsft_16k-SFT-Tulu3-decontaminated,LiveCodeBench,1.57
ali-elganzory/1.7b-Comma0.1-300BT-longsft_16k-SFT-Tulu3-decontaminated,MATH500,2.2
ali-elganzory/1.7b-Comma0.1-300BT-longsft_16k-SFT-Tulu3-decontaminated,MBPP,3.4
ali-elganzory/1.7b-MixtureVitae-100BT,AIME24,3.33
ali-elganzory/1.7b-MixtureVitae-100BT,AIME25,0.0
ali-elganzory/1.7b-MixtureVitae-100BT,AMC23,0.0
ali-elganzory/1.7b-MixtureVitae-100BT,GPQADiamond,24.41
ali-elganzory/1.7b-MixtureVitae-100BT,HumanEval,0.63
ali-elganzory/1.7b-MixtureVitae-100BT,IFEval,21.17
ali-elganzory/1.7b-MixtureVitae-100BT,JEEBench,3.25
ali-elganzory/1.7b-MixtureVitae-100BT,LiveCodeBench,0.0
ali-elganzory/1.7b-MixtureVitae-100BT,MATH500,12.2
ali-elganzory/1.7b-MixtureVitae-100BT,MBPP,0.2
ali-elganzory/1.7b-MixtureVitae-100BT-DPO-Tulu3-decontaminated,AIME24,0.0
ali-elganzory/1.7b-MixtureVitae-100BT-DPO-Tulu3-decontaminated,AIME25,0.0
ali-elganzory/1.7b-MixtureVitae-100BT-DPO-Tulu3-decontaminated,AMC23,5.0
ali-elganzory/1.7b-MixtureVitae-100BT-DPO-Tulu3-decontaminated,GPQADiamond,24.41
ali-elganzory/1.7b-MixtureVitae-100BT-DPO-Tulu3-decontaminated,HumanEval,22.63
ali-elganzory/1.7b-MixtureVitae-100BT-DPO-Tulu3-decontaminated,IFEval,35.07
ali-elganzory/1.7b-MixtureVitae-100BT-DPO-Tulu3-decontaminated,JEEBench,2.86
ali-elganzory/1.7b-MixtureVitae-100BT-DPO-Tulu3-decontaminated,LiveCodeBench,4.31
ali-elganzory/1.7b-MixtureVitae-100BT-DPO-Tulu3-decontaminated,MATH500,8.0
ali-elganzory/1.7b-MixtureVitae-100BT-DPO-Tulu3-decontaminated,MBPP,36.4
ali-elganzory/1.7b-MixtureVitae-100BT-SFT-Tulu3-decontaminated,AIME24,0.0
ali-elganzory/1.7b-MixtureVitae-100BT-SFT-Tulu3-decontaminated,AIME25,0.0
ali-elganzory/1.7b-MixtureVitae-100BT-SFT-Tulu3-decontaminated,AMC23,5.0
ali-elganzory/1.7b-MixtureVitae-100BT-SFT-Tulu3-decontaminated,GPQADiamond,20.71
ali-elganzory/1.7b-MixtureVitae-100BT-SFT-Tulu3-decontaminated,HumanEval,22.33
ali-elganzory/1.7b-MixtureVitae-100BT-SFT-Tulu3-decontaminated,IFEval,34.94
ali-elganzory/1.7b-MixtureVitae-100BT-SFT-Tulu3-decontaminated,JEEBench,2.48
ali-elganzory/1.7b-MixtureVitae-100BT-SFT-Tulu3-decontaminated,LiveCodeBench,3.33
ali-elganzory/1.7b-MixtureVitae-100BT-SFT-Tulu3-decontaminated,MATH500,6.6
ali-elganzory/1.7b-MixtureVitae-100BT-SFT-Tulu3-decontaminated,MBPP,36.8
ali-elganzory/1.7b-MixtureVitae-100BT-longsft_16k,AIME24,0.0
ali-elganzory/1.7b-MixtureVitae-100BT-longsft_16k,AIME25,0.0
ali-elganzory/1.7b-MixtureVitae-100BT-longsft_16k,AMC23,17.5
ali-elganzory/1.7b-MixtureVitae-100BT-longsft_16k,GPQADiamond,22.39
ali-elganzory/1.7b-MixtureVitae-100BT-longsft_16k,HumanEval,2.51
ali-elganzory/1.7b-MixtureVitae-100BT-longsft_16k,IFEval,40.4
ali-elganzory/1.7b-MixtureVitae-100BT-longsft_16k,JEEBench,7.23
ali-elganzory/1.7b-MixtureVitae-100BT-longsft_16k,LiveCodeBench,3.69
ali-elganzory/1.7b-MixtureVitae-100BT-longsft_16k,MATH500,35.2
ali-elganzory/1.7b-MixtureVitae-100BT-longsft_16k,MBPP,7.2
ali-elganzory/1.7b-MixtureVitae-100BT-longsft_16k-DPO-Tulu3-decontaminated,AIME24,0.0
ali-elganzory/1.7b-MixtureVitae-100BT-longsft_16k-DPO-Tulu3-decontaminated,AIME25,0.0
ali-elganzory/1.7b-MixtureVitae-100BT-longsft_16k-DPO-Tulu3-decontaminated,AMC23,0.0
ali-elganzory/1.7b-MixtureVitae-100BT-longsft_16k-DPO-Tulu3-decontaminated,GPQADiamond,24.58
ali-elganzory/1.7b-MixtureVitae-100BT-longsft_16k-DPO-Tulu3-decontaminated,HumanEval,0.94
ali-elganzory/1.7b-MixtureVitae-100BT-longsft_16k-DPO-Tulu3-decontaminated,IFEval,41.6
ali-elganzory/1.7b-MixtureVitae-100BT-longsft_16k-DPO-Tulu3-decontaminated,JEEBench,3.98
ali-elganzory/1.7b-MixtureVitae-100BT-longsft_16k-DPO-Tulu3-decontaminated,LiveCodeBench,0.78
ali-elganzory/1.7b-MixtureVitae-100BT-longsft_16k-DPO-Tulu3-decontaminated,MATH500,3.4
ali-elganzory/1.7b-MixtureVitae-100BT-longsft_16k-DPO-Tulu3-decontaminated,MBPP,8.2
ali-elganzory/1.7b-MixtureVitae-100BT-longsft_16k-SFT-Tulu3-decontaminated,AIME24,0.0
ali-elganzory/1.7b-MixtureVitae-100BT-longsft_16k-SFT-Tulu3-decontaminated,AIME25,0.0
ali-elganzory/1.7b-MixtureVitae-100BT-longsft_16k-SFT-Tulu3-decontaminated,AMC23,0.0
ali-elganzory/1.7b-MixtureVitae-100BT-longsft_16k-SFT-Tulu3-decontaminated,GPQADiamond,23.91
ali-elganzory/1.7b-MixtureVitae-100BT-longsft_16k-SFT-Tulu3-decontaminated,HumanEval,11.62
ali-elganzory/1.7b-MixtureVitae-100BT-longsft_16k-SFT-Tulu3-decontaminated,IFEval,39.46
ali-elganzory/1.7b-MixtureVitae-100BT-longsft_16k-SFT-Tulu3-decontaminated,JEEBench,4.37
ali-elganzory/1.7b-MixtureVitae-100BT-longsft_16k-SFT-Tulu3-decontaminated,LiveCodeBench,0.59
ali-elganzory/1.7b-MixtureVitae-100BT-longsft_16k-SFT-Tulu3-decontaminated,MATH500,3.2
ali-elganzory/1.7b-MixtureVitae-100BT-longsft_16k-SFT-Tulu3-decontaminated,MBPP,6.4
ali-elganzory/1.7b-MixtureVitae-300BT-v1-16k-DPO-Tulu3,AIME24,0.0
ali-elganzory/1.7b-MixtureVitae-300BT-v1-16k-DPO-Tulu3,AIME25,0.0
ali-elganzory/1.7b-MixtureVitae-300BT-v1-16k-DPO-Tulu3,AMC23,0.0
ali-elganzory/1.7b-MixtureVitae-300BT-v1-16k-DPO-Tulu3,GPQADiamond,25.25
ali-elganzory/1.7b-MixtureVitae-300BT-v1-16k-DPO-Tulu3,HumanEval,30.01
ali-elganzory/1.7b-MixtureVitae-300BT-v1-16k-DPO-Tulu3,IFEval,50.68
ali-elganzory/1.7b-MixtureVitae-300BT-v1-16k-DPO-Tulu3,JEEBench,3.83
ali-elganzory/1.7b-MixtureVitae-300BT-v1-16k-DPO-Tulu3,LiveCodeBench,10.96
ali-elganzory/1.7b-MixtureVitae-300BT-v1-16k-DPO-Tulu3,MATH500,18.0
ali-elganzory/1.7b-MixtureVitae-300BT-v1-16k-DPO-Tulu3,MBPP,41.8
ali-elganzory/1.7b-MixtureVitae-300BT-v1-16k-SFT-Tulu3,AIME24,0.0
ali-elganzory/1.7b-MixtureVitae-300BT-v1-16k-SFT-Tulu3,AIME25,0.0
ali-elganzory/1.7b-MixtureVitae-300BT-v1-16k-SFT-Tulu3,AMC23,5.0
ali-elganzory/1.7b-MixtureVitae-300BT-v1-16k-SFT-Tulu3,GPQADiamond,27.27
ali-elganzory/1.7b-MixtureVitae-300BT-v1-16k-SFT-Tulu3,HumanEval,29.7
ali-elganzory/1.7b-MixtureVitae-300BT-v1-16k-SFT-Tulu3,IFEval,49.47
ali-elganzory/1.7b-MixtureVitae-300BT-v1-16k-SFT-Tulu3,JEEBench,2.72
ali-elganzory/1.7b-MixtureVitae-300BT-v1-16k-SFT-Tulu3,LiveCodeBench,10.57
ali-elganzory/1.7b-MixtureVitae-300BT-v1-16k-SFT-Tulu3,MATH500,18.0
ali-elganzory/1.7b-MixtureVitae-300BT-v1-16k-SFT-Tulu3,MBPP,43.2
ali-elganzory/1.7b-MixtureVitae-300BT-v1-16k-WithChatTemplate,AIME24,3.33
ali-elganzory/1.7b-MixtureVitae-300BT-v1-16k-WithChatTemplate,AIME25,6.67
ali-elganzory/1.7b-MixtureVitae-300BT-v1-16k-WithChatTemplate,AMC23,20.0
ali-elganzory/1.7b-MixtureVitae-300BT-v1-16k-WithChatTemplate,GPQADiamond,22.56
ali-elganzory/1.7b-MixtureVitae-300BT-v1-16k-WithChatTemplate,HumanEval,30.02
ali-elganzory/1.7b-MixtureVitae-300BT-v1-16k-WithChatTemplate,IFEval,47.89
ali-elganzory/1.7b-MixtureVitae-300BT-v1-16k-WithChatTemplate,JEEBench,11.02
ali-elganzory/1.7b-MixtureVitae-300BT-v1-16k-WithChatTemplate,LiveCodeBench,16.83
ali-elganzory/1.7b-MixtureVitae-300BT-v1-16k-WithChatTemplate,MATH500,36.6
ali-elganzory/1.7b-MixtureVitae-300BT-v1-16k-WithChatTemplate,MBPP,41.8
ali-elganzory/1.7b-MixtureVitae-300BT-v1-DPO-Tulu3,AIME24,0.0
ali-elganzory/1.7b-MixtureVitae-300BT-v1-DPO-Tulu3,AIME25,0.0
ali-elganzory/1.7b-MixtureVitae-300BT-v1-DPO-Tulu3,AMC23,7.5
ali-elganzory/1.7b-MixtureVitae-300BT-v1-DPO-Tulu3,GPQADiamond,27.78
ali-elganzory/1.7b-MixtureVitae-300BT-v1-DPO-Tulu3,HumanEval,32.81
ali-elganzory/1.7b-MixtureVitae-300BT-v1-DPO-Tulu3,IFEval,46.73
ali-elganzory/1.7b-MixtureVitae-300BT-v1-DPO-Tulu3,JEEBench,3.54
ali-elganzory/1.7b-MixtureVitae-300BT-v1-DPO-Tulu3,LiveCodeBench,12.52
ali-elganzory/1.7b-MixtureVitae-300BT-v1-DPO-Tulu3,MATH500,17.6
ali-elganzory/1.7b-MixtureVitae-300BT-v1-DPO-Tulu3,MBPP,43.0
ali-elganzory/1.7b-MixtureVitae-300BT-v1-SFT-Tulu3,AIME24,6.67
ali-elganzory/1.7b-MixtureVitae-300BT-v1-SFT-Tulu3,AIME25,0.0
ali-elganzory/1.7b-MixtureVitae-300BT-v1-SFT-Tulu3,AMC23,2.5
ali-elganzory/1.7b-MixtureVitae-300BT-v1-SFT-Tulu3,GPQADiamond,25.59
ali-elganzory/1.7b-MixtureVitae-300BT-v1-SFT-Tulu3,HumanEval,32.54
ali-elganzory/1.7b-MixtureVitae-300BT-v1-SFT-Tulu3,IFEval,44.98
ali-elganzory/1.7b-MixtureVitae-300BT-v1-SFT-Tulu3,JEEBench,3.45
ali-elganzory/1.7b-MixtureVitae-300BT-v1-SFT-Tulu3,LiveCodeBench,11.15
ali-elganzory/1.7b-MixtureVitae-300BT-v1-SFT-Tulu3,MATH500,16.4
ali-elganzory/1.7b-MixtureVitae-300BT-v1-SFT-Tulu3,MBPP,42.6
ali-elganzory/1.7b-MixtureVitae-300BT-v1-WithChatTemplate,AIME24,0.0
ali-elganzory/1.7b-MixtureVitae-300BT-v1-WithChatTemplate,AIME25,0.0
ali-elganzory/1.7b-MixtureVitae-300BT-v1-WithChatTemplate,AMC23,15.0
ali-elganzory/1.7b-MixtureVitae-300BT-v1-WithChatTemplate,GPQADiamond,22.22
ali-elganzory/1.7b-MixtureVitae-300BT-v1-WithChatTemplate,HumanEval,26.64
ali-elganzory/1.7b-MixtureVitae-300BT-v1-WithChatTemplate,IFEval,27.83
ali-elganzory/1.7b-MixtureVitae-300BT-v1-WithChatTemplate,JEEBench,5.05
ali-elganzory/1.7b-MixtureVitae-300BT-v1-WithChatTemplate,LiveCodeBench,11.15
ali-elganzory/1.7b-MixtureVitae-300BT-v1-WithChatTemplate,MATH500,14.6
ali-elganzory/1.7b-MixtureVitae-300BT-v1-WithChatTemplate,MBPP,43.0
ali-elganzory/1.7b-MixtureVitae-300BT-v1-decontaminated,AIME24,0.0
ali-elganzory/1.7b-MixtureVitae-300BT-v1-decontaminated,AIME25,10.0
ali-elganzory/1.7b-MixtureVitae-300BT-v1-decontaminated,AMC23,7.5
ali-elganzory/1.7b-MixtureVitae-300BT-v1-decontaminated,GPQADiamond,23.91
ali-elganzory/1.7b-MixtureVitae-300BT-v1-decontaminated,HumanEval,11.71
ali-elganzory/1.7b-MixtureVitae-300BT-v1-decontaminated,IFEval,25.57
ali-elganzory/1.7b-MixtureVitae-300BT-v1-decontaminated,JEEBench,4.08
ali-elganzory/1.7b-MixtureVitae-300BT-v1-decontaminated,MATH500,17.4
ali-elganzory/1.7b-MixtureVitae-300BT-v1-decontaminated,MBPP,18.6
ali-elganzory/1.7b-MixtureVitae-300BT-v1-decontaminated-16k,AIME24,0.0
ali-elganzory/1.7b-MixtureVitae-300BT-v1-decontaminated-16k,AIME25,0.0
ali-elganzory/1.7b-MixtureVitae-300BT-v1-decontaminated-16k,AMC23,27.5
ali-elganzory/1.7b-MixtureVitae-300BT-v1-decontaminated-16k,GPQADiamond,25.25
ali-elganzory/1.7b-MixtureVitae-300BT-v1-decontaminated-16k,HumanEval,31.89
ali-elganzory/1.7b-MixtureVitae-300BT-v1-decontaminated-16k,IFEval,46.93
ali-elganzory/1.7b-MixtureVitae-300BT-v1-decontaminated-16k,JEEBench,8.25
ali-elganzory/1.7b-MixtureVitae-300BT-v1-decontaminated-16k,LiveCodeBench,22.7
ali-elganzory/1.7b-MixtureVitae-300BT-v1-decontaminated-16k,MATH500,46.0
ali-elganzory/1.7b-MixtureVitae-300BT-v1-decontaminated-16k,MBPP,39.8
ali-elganzory/1.7b-MixtureVitae-300BT-v1-decontaminated-16k-DPO-Tulu3-decontaminated,AIME24,6.67
ali-elganzory/1.7b-MixtureVitae-300BT-v1-decontaminated-16k-DPO-Tulu3-decontaminated,AIME25,0.0
ali-elganzory/1.7b-MixtureVitae-300BT-v1-decontaminated-16k-DPO-Tulu3-decontaminated,AMC23,15.0
ali-elganzory/1.7b-MixtureVitae-300BT-v1-decontaminated-16k-DPO-Tulu3-decontaminated,GPQADiamond,25.25
ali-elganzory/1.7b-MixtureVitae-300BT-v1-decontaminated-16k-DPO-Tulu3-decontaminated,HumanEval,33.16
ali-elganzory/1.7b-MixtureVitae-300BT-v1-decontaminated-16k-DPO-Tulu3-decontaminated,IFEval,49.5
ali-elganzory/1.7b-MixtureVitae-300BT-v1-decontaminated-16k-DPO-Tulu3-decontaminated,JEEBench,5.39
ali-elganzory/1.7b-MixtureVitae-300BT-v1-decontaminated-16k-DPO-Tulu3-decontaminated,LiveCodeBench,14.87
ali-elganzory/1.7b-MixtureVitae-300BT-v1-decontaminated-16k-DPO-Tulu3-decontaminated,MATH500,33.6
ali-elganzory/1.7b-MixtureVitae-300BT-v1-decontaminated-16k-DPO-Tulu3-decontaminated,MBPP,40.0
ali-elganzory/1.7b-MixtureVitae-300BT-v1-decontaminated-16k-SFT-Tulu3-decontaminated,AIME24,3.33
ali-elganzory/1.7b-MixtureVitae-300BT-v1-decontaminated-16k-SFT-Tulu3-decontaminated,AIME25,0.0
ali-elganzory/1.7b-MixtureVitae-300BT-v1-decontaminated-16k-SFT-Tulu3-decontaminated,AMC23,12.5
ali-elganzory/1.7b-MixtureVitae-300BT-v1-decontaminated-16k-SFT-Tulu3-decontaminated,GPQADiamond,23.4
ali-elganzory/1.7b-MixtureVitae-300BT-v1-decontaminated-16k-SFT-Tulu3-decontaminated,HumanEval,33.16
ali-elganzory/1.7b-MixtureVitae-300BT-v1-decontaminated-16k-SFT-Tulu3-decontaminated,IFEval,47.13
ali-elganzory/1.7b-MixtureVitae-300BT-v1-decontaminated-16k-SFT-Tulu3-decontaminated,JEEBench,5.24
ali-elganzory/1.7b-MixtureVitae-300BT-v1-decontaminated-16k-SFT-Tulu3-decontaminated,LiveCodeBench,15.46
ali-elganzory/1.7b-MixtureVitae-300BT-v1-decontaminated-16k-SFT-Tulu3-decontaminated,MATH500,31.0
ali-elganzory/1.7b-MixtureVitae-300BT-v1-decontaminated-16k-SFT-Tulu3-decontaminated,MBPP,40.6
ali-elganzory/1.7b-MixtureVitae-300BT-v1-decontaminated-16k-merged,AIME24,0.0
ali-elganzory/1.7b-MixtureVitae-300BT-v1-decontaminated-16k-merged,AIME25,13.33
ali-elganzory/1.7b-MixtureVitae-300BT-v1-decontaminated-16k-merged,AMC23,25.0
ali-elganzory/1.7b-MixtureVitae-300BT-v1-decontaminated-16k-merged,GPQADiamond,22.9
ali-elganzory/1.7b-MixtureVitae-300BT-v1-decontaminated-16k-merged,HumanEval,31.92
ali-elganzory/1.7b-MixtureVitae-300BT-v1-decontaminated-16k-merged,IFEval,32.86
ali-elganzory/1.7b-MixtureVitae-300BT-v1-decontaminated-16k-merged,MATH500,25.6
ali-elganzory/1.7b-MixtureVitae-300BT-v1-decontaminated-16k-merged,MBPP,16.2
ali-elganzory/1.7b-MixtureVitae-300BT-v1-decontaminated-16k-merged-DPO-Tulu3-decontaminated,AIME24,0.0
ali-elganzory/1.7b-MixtureVitae-300BT-v1-decontaminated-16k-merged-DPO-Tulu3-decontaminated,AIME25,0.0
ali-elganzory/1.7b-MixtureVitae-300BT-v1-decontaminated-16k-merged-DPO-Tulu3-decontaminated,AMC23,15.0
ali-elganzory/1.7b-MixtureVitae-300BT-v1-decontaminated-16k-merged-DPO-Tulu3-decontaminated,GPQADiamond,28.96
ali-elganzory/1.7b-MixtureVitae-300BT-v1-decontaminated-16k-merged-DPO-Tulu3-decontaminated,HumanEval,32.54
ali-elganzory/1.7b-MixtureVitae-300BT-v1-decontaminated-16k-merged-DPO-Tulu3-decontaminated,IFEval,46.23
ali-elganzory/1.7b-MixtureVitae-300BT-v1-decontaminated-16k-merged-DPO-Tulu3-decontaminated,JEEBench,5.83
ali-elganzory/1.7b-MixtureVitae-300BT-v1-decontaminated-16k-merged-DPO-Tulu3-decontaminated,MATH500,28.6
ali-elganzory/1.7b-MixtureVitae-300BT-v1-decontaminated-16k-merged-DPO-Tulu3-decontaminated,MBPP,39.2
ali-elganzory/1.7b-MixtureVitae-300BT-v1-decontaminated-16k-merged-SFT-Tulu3-decontaminated,AIME24,0.0
ali-elganzory/1.7b-MixtureVitae-300BT-v1-decontaminated-16k-merged-SFT-Tulu3-decontaminated,AIME25,0.0
ali-elganzory/1.7b-MixtureVitae-300BT-v1-decontaminated-16k-merged-SFT-Tulu3-decontaminated,AMC23,7.5
ali-elganzory/1.7b-MixtureVitae-300BT-v1-decontaminated-16k-merged-SFT-Tulu3-decontaminated,GPQADiamond,28.96
ali-elganzory/1.7b-MixtureVitae-300BT-v1-decontaminated-16k-merged-SFT-Tulu3-decontaminated,HumanEval,33.47
ali-elganzory/1.7b-MixtureVitae-300BT-v1-decontaminated-16k-merged-SFT-Tulu3-decontaminated,IFEval,44.33
ali-elganzory/1.7b-MixtureVitae-300BT-v1-decontaminated-16k-merged-SFT-Tulu3-decontaminated,JEEBench,5.58
ali-elganzory/1.7b-MixtureVitae-300BT-v1-decontaminated-16k-merged-SFT-Tulu3-decontaminated,MATH500,27.2
ali-elganzory/1.7b-MixtureVitae-300BT-v1-decontaminated-16k-merged-SFT-Tulu3-decontaminated,MBPP,40.0
ali-elganzory/1.7b-MixtureVitae-300BT-v1-decontaminated-DPO-Tulu3-decontaminated,AIME24,0.0
ali-elganzory/1.7b-MixtureVitae-300BT-v1-decontaminated-DPO-Tulu3-decontaminated,AIME25,0.0
ali-elganzory/1.7b-MixtureVitae-300BT-v1-decontaminated-DPO-Tulu3-decontaminated,AMC23,15.0
ali-elganzory/1.7b-MixtureVitae-300BT-v1-decontaminated-DPO-Tulu3-decontaminated,GPQADiamond,24.58
ali-elganzory/1.7b-MixtureVitae-300BT-v1-decontaminated-DPO-Tulu3-decontaminated,HumanEval,27.92
ali-elganzory/1.7b-MixtureVitae-300BT-v1-decontaminated-DPO-Tulu3-decontaminated,IFEval,42.94
ali-elganzory/1.7b-MixtureVitae-300BT-v1-decontaminated-DPO-Tulu3-decontaminated,JEEBench,3.11
ali-elganzory/1.7b-MixtureVitae-300BT-v1-decontaminated-DPO-Tulu3-decontaminated,LiveCodeBench,1.76
ali-elganzory/1.7b-MixtureVitae-300BT-v1-decontaminated-DPO-Tulu3-decontaminated,MATH500,27.4
ali-elganzory/1.7b-MixtureVitae-300BT-v1-decontaminated-DPO-Tulu3-decontaminated,MBPP,40.8
ali-elganzory/1.7b-MixtureVitae-300BT-v1-decontaminated-SFT-Tulu3-decontaminated,AIME24,0.0
ali-elganzory/1.7b-MixtureVitae-300BT-v1-decontaminated-SFT-Tulu3-decontaminated,AIME25,0.0
ali-elganzory/1.7b-MixtureVitae-300BT-v1-decontaminated-SFT-Tulu3-decontaminated,AMC23,7.5
ali-elganzory/1.7b-MixtureVitae-300BT-v1-decontaminated-SFT-Tulu3-decontaminated,GPQADiamond,26.09
ali-elganzory/1.7b-MixtureVitae-300BT-v1-decontaminated-SFT-Tulu3-decontaminated,HumanEval,27.93
ali-elganzory/1.7b-MixtureVitae-300BT-v1-decontaminated-SFT-Tulu3-decontaminated,IFEval,42.35
ali-elganzory/1.7b-MixtureVitae-300BT-v1-decontaminated-SFT-Tulu3-decontaminated,JEEBench,4.17
ali-elganzory/1.7b-MixtureVitae-300BT-v1-decontaminated-SFT-Tulu3-decontaminated,LiveCodeBench,2.15
ali-elganzory/1.7b-MixtureVitae-300BT-v1-decontaminated-SFT-Tulu3-decontaminated,MATH500,28.6
ali-elganzory/1.7b-MixtureVitae-300BT-v1-decontaminated-SFT-Tulu3-decontaminated,MBPP,41.2
ali-elganzory/1.7b-MixtureVitae-curated_instruct-100BT,AIME24,0.0
ali-elganzory/1.7b-MixtureVitae-curated_instruct-100BT,AIME25,0.0
ali-elganzory/1.7b-MixtureVitae-curated_instruct-100BT,AMC23,17.5
ali-elganzory/1.7b-MixtureVitae-curated_instruct-100BT,GPQADiamond,23.74
ali-elganzory/1.7b-MixtureVitae-curated_instruct-100BT,HumanEval,23.52
ali-elganzory/1.7b-MixtureVitae-curated_instruct-100BT,IFEval,26.48
ali-elganzory/1.7b-MixtureVitae-curated_instruct-100BT,JEEBench,2.57
ali-elganzory/1.7b-MixtureVitae-curated_instruct-100BT,LiveCodeBench,7.44
ali-elganzory/1.7b-MixtureVitae-curated_instruct-100BT,MATH500,26.4
ali-elganzory/1.7b-MixtureVitae-curated_instruct-100BT,MBPP,34.6
ali-elganzory/1.7b-MixtureVitae-curated_instruct-100BT-DPO-Tulu3-decontaminated,AIME24,0.0
ali-elganzory/1.7b-MixtureVitae-curated_instruct-100BT-DPO-Tulu3-decontaminated,AIME25,3.33
ali-elganzory/1.7b-MixtureVitae-curated_instruct-100BT-DPO-Tulu3-decontaminated,AMC23,10.0
ali-elganzory/1.7b-MixtureVitae-curated_instruct-100BT-DPO-Tulu3-decontaminated,GPQADiamond,25.25
ali-elganzory/1.7b-MixtureVitae-curated_instruct-100BT-DPO-Tulu3-decontaminated,HumanEval,25.09
ali-elganzory/1.7b-MixtureVitae-curated_instruct-100BT-DPO-Tulu3-decontaminated,IFEval,36.16
ali-elganzory/1.7b-MixtureVitae-curated_instruct-100BT-DPO-Tulu3-decontaminated,JEEBench,4.27
ali-elganzory/1.7b-MixtureVitae-curated_instruct-100BT-DPO-Tulu3-decontaminated,LiveCodeBench,1.76
ali-elganzory/1.7b-MixtureVitae-curated_instruct-100BT-DPO-Tulu3-decontaminated,MATH500,12.2
ali-elganzory/1.7b-MixtureVitae-curated_instruct-100BT-DPO-Tulu3-decontaminated,MBPP,38.0
ali-elganzory/1.7b-MixtureVitae-curated_instruct-100BT-SFT-Tulu3-decontaminated,AIME24,0.0
ali-elganzory/1.7b-MixtureVitae-curated_instruct-100BT-SFT-Tulu3-decontaminated,AIME25,0.0
ali-elganzory/1.7b-MixtureVitae-curated_instruct-100BT-SFT-Tulu3-decontaminated,AMC23,7.5
ali-elganzory/1.7b-MixtureVitae-curated_instruct-100BT-SFT-Tulu3-decontaminated,GPQADiamond,22.39
ali-elganzory/1.7b-MixtureVitae-curated_instruct-100BT-SFT-Tulu3-decontaminated,HumanEval,23.57
ali-elganzory/1.7b-MixtureVitae-curated_instruct-100BT-SFT-Tulu3-decontaminated,IFEval,35.02
ali-elganzory/1.7b-MixtureVitae-curated_instruct-100BT-SFT-Tulu3-decontaminated,JEEBench,3.74
ali-elganzory/1.7b-MixtureVitae-curated_instruct-100BT-SFT-Tulu3-decontaminated,LiveCodeBench,2.35
ali-elganzory/1.7b-MixtureVitae-curated_instruct-100BT-SFT-Tulu3-decontaminated,MATH500,10.0
ali-elganzory/1.7b-MixtureVitae-curated_instruct-100BT-SFT-Tulu3-decontaminated,MBPP,36.8
ali-elganzory/1.7b-MixtureVitae-curated_instruct-100BT-longsft_16k,AIME24,0.0
ali-elganzory/1.7b-MixtureVitae-curated_instruct-100BT-longsft_16k,AIME25,0.0
ali-elganzory/1.7b-MixtureVitae-curated_instruct-100BT-longsft_16k,AMC23,10.0
ali-elganzory/1.7b-MixtureVitae-curated_instruct-100BT-longsft_16k,GPQADiamond,23.91
ali-elganzory/1.7b-MixtureVitae-curated_instruct-100BT-longsft_16k,HumanEval,10.71
ali-elganzory/1.7b-MixtureVitae-curated_instruct-100BT-longsft_16k,IFEval,37.42
ali-elganzory/1.7b-MixtureVitae-curated_instruct-100BT-longsft_16k,JEEBench,4.37
ali-elganzory/1.7b-MixtureVitae-curated_instruct-100BT-longsft_16k,LiveCodeBench,3.49
ali-elganzory/1.7b-MixtureVitae-curated_instruct-100BT-longsft_16k,MATH500,35.0
ali-elganzory/1.7b-MixtureVitae-curated_instruct-100BT-longsft_16k,MBPP,9.0
ali-elganzory/1.7b-MixtureVitae-curated_instruct-100BT-longsft_16k-DPO-Tulu3-decontaminated,AIME24,3.33
ali-elganzory/1.7b-MixtureVitae-curated_instruct-100BT-longsft_16k-DPO-Tulu3-decontaminated,AIME25,3.33
ali-elganzory/1.7b-MixtureVitae-curated_instruct-100BT-longsft_16k-DPO-Tulu3-decontaminated,AMC23,20.0
ali-elganzory/1.7b-MixtureVitae-curated_instruct-100BT-longsft_16k-DPO-Tulu3-decontaminated,GPQADiamond,21.04
ali-elganzory/1.7b-MixtureVitae-curated_instruct-100BT-longsft_16k-DPO-Tulu3-decontaminated,HumanEval,11.01
ali-elganzory/1.7b-MixtureVitae-curated_instruct-100BT-longsft_16k-DPO-Tulu3-decontaminated,IFEval,38.27
ali-elganzory/1.7b-MixtureVitae-curated_instruct-100BT-longsft_16k-DPO-Tulu3-decontaminated,JEEBench,2.86
ali-elganzory/1.7b-MixtureVitae-curated_instruct-100BT-longsft_16k-DPO-Tulu3-decontaminated,LiveCodeBench,3.33
ali-elganzory/1.7b-MixtureVitae-curated_instruct-100BT-longsft_16k-DPO-Tulu3-decontaminated,MATH500,21.2
ali-elganzory/1.7b-MixtureVitae-curated_instruct-100BT-longsft_16k-DPO-Tulu3-decontaminated,MBPP,7.8
ali-elganzory/1.7b-MixtureVitae-curated_instruct-100BT-longsft_16k-SFT-Tulu3-decontaminated,AIME24,0.0
ali-elganzory/1.7b-MixtureVitae-curated_instruct-100BT-longsft_16k-SFT-Tulu3-decontaminated,AIME25,0.0
ali-elganzory/1.7b-MixtureVitae-curated_instruct-100BT-longsft_16k-SFT-Tulu3-decontaminated,AMC23,7.5
ali-elganzory/1.7b-MixtureVitae-curated_instruct-100BT-longsft_16k-SFT-Tulu3-decontaminated,GPQADiamond,22.05
ali-elganzory/1.7b-MixtureVitae-curated_instruct-100BT-longsft_16k-SFT-Tulu3-decontaminated,HumanEval,9.49
ali-elganzory/1.7b-MixtureVitae-curated_instruct-100BT-longsft_16k-SFT-Tulu3-decontaminated,IFEval,38.24
ali-elganzory/1.7b-MixtureVitae-curated_instruct-100BT-longsft_16k-SFT-Tulu3-decontaminated,JEEBench,4.32
ali-elganzory/1.7b-MixtureVitae-curated_instruct-100BT-longsft_16k-SFT-Tulu3-decontaminated,LiveCodeBench,3.52
ali-elganzory/1.7b-MixtureVitae-curated_instruct-100BT-longsft_16k-SFT-Tulu3-decontaminated,MATH500,18.2
ali-elganzory/1.7b-MixtureVitae-curated_instruct-100BT-longsft_16k-SFT-Tulu3-decontaminated,MBPP,7.2
ali-elganzory/1.7b-MixtureVitae-web_curated-100BT,AIME24,0.0
ali-elganzory/1.7b-MixtureVitae-web_curated-100BT,AIME25,0.0
ali-elganzory/1.7b-MixtureVitae-web_curated-100BT,AMC23,0.0
ali-elganzory/1.7b-MixtureVitae-web_curated-100BT,GPQADiamond,23.91
ali-elganzory/1.7b-MixtureVitae-web_curated-100BT,HumanEval,0.63
ali-elganzory/1.7b-MixtureVitae-web_curated-100BT,IFEval,24.84
ali-elganzory/1.7b-MixtureVitae-web_curated-100BT,JEEBench,0.0
ali-elganzory/1.7b-MixtureVitae-web_curated-100BT,LiveCodeBench,0.0
ali-elganzory/1.7b-MixtureVitae-web_curated-100BT,MATH500,0.4
ali-elganzory/1.7b-MixtureVitae-web_curated-100BT,MBPP,14.2
ali-elganzory/1.7b-MixtureVitae-web_curated-100BT-DPO-Tulu3-decontaminated,AIME24,0.0
ali-elganzory/1.7b-MixtureVitae-web_curated-100BT-DPO-Tulu3-decontaminated,AIME25,0.0
ali-elganzory/1.7b-MixtureVitae-web_curated-100BT-DPO-Tulu3-decontaminated,AMC23,2.5
ali-elganzory/1.7b-MixtureVitae-web_curated-100BT-DPO-Tulu3-decontaminated,GPQADiamond,25.08
ali-elganzory/1.7b-MixtureVitae-web_curated-100BT-DPO-Tulu3-decontaminated,HumanEval,7.04
ali-elganzory/1.7b-MixtureVitae-web_curated-100BT-DPO-Tulu3-decontaminated,IFEval,32.05
ali-elganzory/1.7b-MixtureVitae-web_curated-100BT-DPO-Tulu3-decontaminated,JEEBench,3.98
ali-elganzory/1.7b-MixtureVitae-web_curated-100BT-DPO-Tulu3-decontaminated,LiveCodeBench,1.37
ali-elganzory/1.7b-MixtureVitae-web_curated-100BT-DPO-Tulu3-decontaminated,MATH500,2.0
ali-elganzory/1.7b-MixtureVitae-web_curated-100BT-DPO-Tulu3-decontaminated,MBPP,15.2
ali-elganzory/1.7b-MixtureVitae-web_curated-100BT-SFT-Tulu3-decontaminated,AIME24,0.0
ali-elganzory/1.7b-MixtureVitae-web_curated-100BT-SFT-Tulu3-decontaminated,AIME25,0.0
ali-elganzory/1.7b-MixtureVitae-web_curated-100BT-SFT-Tulu3-decontaminated,AMC23,2.5
ali-elganzory/1.7b-MixtureVitae-web_curated-100BT-SFT-Tulu3-decontaminated,GPQADiamond,20.71
ali-elganzory/1.7b-MixtureVitae-web_curated-100BT-SFT-Tulu3-decontaminated,HumanEval,7.34
ali-elganzory/1.7b-MixtureVitae-web_curated-100BT-SFT-Tulu3-decontaminated,IFEval,29.88
ali-elganzory/1.7b-MixtureVitae-web_curated-100BT-SFT-Tulu3-decontaminated,JEEBench,3.4
ali-elganzory/1.7b-MixtureVitae-web_curated-100BT-SFT-Tulu3-decontaminated,LiveCodeBench,0.98
ali-elganzory/1.7b-MixtureVitae-web_curated-100BT-SFT-Tulu3-decontaminated,MATH500,1.8
ali-elganzory/1.7b-MixtureVitae-web_curated-100BT-SFT-Tulu3-decontaminated,MBPP,15.8
ali-elganzory/1.7b-MixtureVitae-web_curated-100BT-longsft_16k,AIME24,0.0
ali-elganzory/1.7b-MixtureVitae-web_curated-100BT-longsft_16k,AIME25,0.0
ali-elganzory/1.7b-MixtureVitae-web_curated-100BT-longsft_16k,AMC23,2.5
ali-elganzory/1.7b-MixtureVitae-web_curated-100BT-longsft_16k,GPQADiamond,24.58
ali-elganzory/1.7b-MixtureVitae-web_curated-100BT-longsft_16k,HumanEval,1.54
ali-elganzory/1.7b-MixtureVitae-web_curated-100BT-longsft_16k,IFEval,32.9
ali-elganzory/1.7b-MixtureVitae-web_curated-100BT-longsft_16k,JEEBench,4.66
ali-elganzory/1.7b-MixtureVitae-web_curated-100BT-longsft_16k,LiveCodeBench,0.0
ali-elganzory/1.7b-MixtureVitae-web_curated-100BT-longsft_16k,MATH500,1.6
ali-elganzory/1.7b-MixtureVitae-web_curated-100BT-longsft_16k,MBPP,2.0
ali-elganzory/1.7b-MixtureVitae-web_curated-100BT-longsft_16k-DPO-Tulu3-decontaminated,AIME24,0.0
ali-elganzory/1.7b-MixtureVitae-web_curated-100BT-longsft_16k-DPO-Tulu3-decontaminated,AIME25,0.0
ali-elganzory/1.7b-MixtureVitae-web_curated-100BT-longsft_16k-DPO-Tulu3-decontaminated,AMC23,2.5
ali-elganzory/1.7b-MixtureVitae-web_curated-100BT-longsft_16k-DPO-Tulu3-decontaminated,GPQADiamond,23.74
ali-elganzory/1.7b-MixtureVitae-web_curated-100BT-longsft_16k-DPO-Tulu3-decontaminated,HumanEval,4.9
ali-elganzory/1.7b-MixtureVitae-web_curated-100BT-longsft_16k-DPO-Tulu3-decontaminated,IFEval,35.97
ali-elganzory/1.7b-MixtureVitae-web_curated-100BT-longsft_16k-DPO-Tulu3-decontaminated,JEEBench,2.18
ali-elganzory/1.7b-MixtureVitae-web_curated-100BT-longsft_16k-DPO-Tulu3-decontaminated,LiveCodeBench,0.59
ali-elganzory/1.7b-MixtureVitae-web_curated-100BT-longsft_16k-DPO-Tulu3-decontaminated,MATH500,2.6
ali-elganzory/1.7b-MixtureVitae-web_curated-100BT-longsft_16k-DPO-Tulu3-decontaminated,MBPP,4.8
ali-elganzory/1.7b-MixtureVitae-web_curated-100BT-longsft_16k-SFT-Tulu3-decontaminated,AIME24,0.0
ali-elganzory/1.7b-MixtureVitae-web_curated-100BT-longsft_16k-SFT-Tulu3-decontaminated,AIME25,0.0
ali-elganzory/1.7b-MixtureVitae-web_curated-100BT-longsft_16k-SFT-Tulu3-decontaminated,AMC23,0.0
ali-elganzory/1.7b-MixtureVitae-web_curated-100BT-longsft_16k-SFT-Tulu3-decontaminated,GPQADiamond,25.59
ali-elganzory/1.7b-MixtureVitae-web_curated-100BT-longsft_16k-SFT-Tulu3-decontaminated,HumanEval,3.37
ali-elganzory/1.7b-MixtureVitae-web_curated-100BT-longsft_16k-SFT-Tulu3-decontaminated,IFEval,35.21
ali-elganzory/1.7b-MixtureVitae-web_curated-100BT-longsft_16k-SFT-Tulu3-decontaminated,JEEBench,2.14
ali-elganzory/1.7b-MixtureVitae-web_curated-100BT-longsft_16k-SFT-Tulu3-decontaminated,LiveCodeBench,0.39
ali-elganzory/1.7b-MixtureVitae-web_curated-100BT-longsft_16k-SFT-Tulu3-decontaminated,MATH500,2.2
ali-elganzory/1.7b-MixtureVitae-web_curated-100BT-longsft_16k-SFT-Tulu3-decontaminated,MBPP,3.4
ali-elganzory/Baguettotron,AIME24,0.0
ali-elganzory/Baguettotron,AIME25,0.0
ali-elganzory/Baguettotron,AMC23,0.0
ali-elganzory/Baguettotron,GPQADiamond,23.06
ali-elganzory/Baguettotron,HumanEval,0.0
ali-elganzory/Baguettotron,IFEval,24.28
ali-elganzory/Baguettotron,JEEBench,0.19
ali-elganzory/Baguettotron,MATH500,0.2
ali-elganzory/Baguettotron,MBPP,0.0
ali-elganzory/Baguettotron-DPO-Tulu3-decontaminated,AIME24,0.0
ali-elganzory/Baguettotron-DPO-Tulu3-decontaminated,AIME25,0.0
ali-elganzory/Baguettotron-DPO-Tulu3-decontaminated,AMC23,0.0
ali-elganzory/Baguettotron-DPO-Tulu3-decontaminated,GPQADiamond,26.26
ali-elganzory/Baguettotron-DPO-Tulu3-decontaminated,HumanEval,0.0
ali-elganzory/Baguettotron-DPO-Tulu3-decontaminated,IFEval,30.17
ali-elganzory/Baguettotron-DPO-Tulu3-decontaminated,JEEBench,1.12
ali-elganzory/Baguettotron-DPO-Tulu3-decontaminated,MATH500,2.8
ali-elganzory/Baguettotron-DPO-Tulu3-decontaminated,MBPP,0.0
ali-elganzory/Baguettotron-SFT-Tulu3-decontaminated,AIME24,0.0
ali-elganzory/Baguettotron-SFT-Tulu3-decontaminated,AIME25,0.0
ali-elganzory/Baguettotron-SFT-Tulu3-decontaminated,AMC23,2.5
ali-elganzory/Baguettotron-SFT-Tulu3-decontaminated,GPQADiamond,24.41
ali-elganzory/Baguettotron-SFT-Tulu3-decontaminated,HumanEval,0.0
ali-elganzory/Baguettotron-SFT-Tulu3-decontaminated,IFEval,26.91
ali-elganzory/Baguettotron-SFT-Tulu3-decontaminated,JEEBench,1.26
ali-elganzory/Baguettotron-SFT-Tulu3-decontaminated,LiveCodeBench,0.0
ali-elganzory/Baguettotron-SFT-Tulu3-decontaminated,MATH500,2.0
ali-elganzory/Baguettotron-SFT-Tulu3-decontaminated,MBPP,0.0
ali-elganzory/Baguettotron-longsft_16k,AIME24,0.0
ali-elganzory/Baguettotron-longsft_16k,AIME25,0.0
ali-elganzory/Baguettotron-longsft_16k,AMC23,0.0
ali-elganzory/Baguettotron-longsft_16k,GPQADiamond,21.55
ali-elganzory/Baguettotron-longsft_16k,HumanEval,0.61
ali-elganzory/Baguettotron-longsft_16k,IFEval,34.22
ali-elganzory/Baguettotron-longsft_16k,JEEBench,1.84
ali-elganzory/Baguettotron-longsft_16k,MATH500,2.0
ali-elganzory/Baguettotron-longsft_16k,MBPP,0.0
ali-elganzory/Baguettotron-longsft_16k-DPO-Tulu3-decontaminated,AIME24,0.0
ali-elganzory/Baguettotron-longsft_16k-DPO-Tulu3-decontaminated,AIME25,0.0
ali-elganzory/Baguettotron-longsft_16k-DPO-Tulu3-decontaminated,AMC23,2.5
ali-elganzory/Baguettotron-longsft_16k-DPO-Tulu3-decontaminated,GPQADiamond,24.92
ali-elganzory/Baguettotron-longsft_16k-DPO-Tulu3-decontaminated,HumanEval,0.0
ali-elganzory/Baguettotron-longsft_16k-DPO-Tulu3-decontaminated,IFEval,31.81
ali-elganzory/Baguettotron-longsft_16k-DPO-Tulu3-decontaminated,JEEBench,1.46
ali-elganzory/Baguettotron-longsft_16k-DPO-Tulu3-decontaminated,MATH500,3.2
ali-elganzory/Baguettotron-longsft_16k-DPO-Tulu3-decontaminated,MBPP,0.0
ali-elganzory/Baguettotron-longsft_16k-SFT-Tulu3-decontaminated,AIME24,0.0
ali-elganzory/Baguettotron-longsft_16k-SFT-Tulu3-decontaminated,AIME25,0.0
ali-elganzory/Baguettotron-longsft_16k-SFT-Tulu3-decontaminated,AMC23,2.5
ali-elganzory/Baguettotron-longsft_16k-SFT-Tulu3-decontaminated,GPQADiamond,24.41
ali-elganzory/Baguettotron-longsft_16k-SFT-Tulu3-decontaminated,HumanEval,0.0
ali-elganzory/Baguettotron-longsft_16k-SFT-Tulu3-decontaminated,IFEval,30.0
ali-elganzory/Baguettotron-longsft_16k-SFT-Tulu3-decontaminated,JEEBench,1.12
ali-elganzory/Baguettotron-longsft_16k-SFT-Tulu3-decontaminated,MATH500,2.4
ali-elganzory/Baguettotron-longsft_16k-SFT-Tulu3-decontaminated,MBPP,0.0
ali-elganzory/Qwen2.5-1.5B-DPO-Tulu3-decontaminated,AIME24,3.33
ali-elganzory/Qwen2.5-1.5B-DPO-Tulu3-decontaminated,AIME25,0.0
ali-elganzory/Qwen2.5-1.5B-DPO-Tulu3-decontaminated,AMC23,7.5
ali-elganzory/Qwen2.5-1.5B-DPO-Tulu3-decontaminated,GPQADiamond,28.28
ali-elganzory/Qwen2.5-1.5B-DPO-Tulu3-decontaminated,HumanEval,38.82
ali-elganzory/Qwen2.5-1.5B-DPO-Tulu3-decontaminated,IFEval,51.44
ali-elganzory/Qwen2.5-1.5B-DPO-Tulu3-decontaminated,JEEBench,7.86
ali-elganzory/Qwen2.5-1.5B-DPO-Tulu3-decontaminated,LiveCodeBench,8.41
ali-elganzory/Qwen2.5-1.5B-DPO-Tulu3-decontaminated,MATH500,22.8
ali-elganzory/Qwen2.5-1.5B-DPO-Tulu3-decontaminated,MBPP,44.4
ali-elganzory/Qwen2.5-1.5B-SFT-Tulu3-decontaminated,AIME24,0.0
ali-elganzory/Qwen2.5-1.5B-SFT-Tulu3-decontaminated,AIME25,0.0
ali-elganzory/Qwen2.5-1.5B-SFT-Tulu3-decontaminated,AMC23,10.0
ali-elganzory/Qwen2.5-1.5B-SFT-Tulu3-decontaminated,GPQADiamond,26.6
ali-elganzory/Qwen2.5-1.5B-SFT-Tulu3-decontaminated,HumanEval,38.85
ali-elganzory/Qwen2.5-1.5B-SFT-Tulu3-decontaminated,IFEval,49.1
ali-elganzory/Qwen2.5-1.5B-SFT-Tulu3-decontaminated,JEEBench,7.09
ali-elganzory/Qwen2.5-1.5B-SFT-Tulu3-decontaminated,LiveCodeBench,8.22
ali-elganzory/Qwen2.5-1.5B-SFT-Tulu3-decontaminated,MATH500,19.0
ali-elganzory/Qwen2.5-1.5B-SFT-Tulu3-decontaminated,MBPP,44.6
ali-elganzory/Qwen3-1.7B-Base-DPO-Tulu3-decontaminated,AIME24,3.33
ali-elganzory/Qwen3-1.7B-Base-DPO-Tulu3-decontaminated,AIME25,0.0
ali-elganzory/Qwen3-1.7B-Base-DPO-Tulu3-decontaminated,AMC23,7.5
ali-elganzory/Qwen3-1.7B-Base-DPO-Tulu3-decontaminated,GPQADiamond,28.11
ali-elganzory/Qwen3-1.7B-Base-DPO-Tulu3-decontaminated,HumanEval,47.75
ali-elganzory/Qwen3-1.7B-Base-DPO-Tulu3-decontaminated,IFEval,60.01
ali-elganzory/Qwen3-1.7B-Base-DPO-Tulu3-decontaminated,JEEBench,12.48
ali-elganzory/Qwen3-1.7B-Base-DPO-Tulu3-decontaminated,LiveCodeBench,4.11
ali-elganzory/Qwen3-1.7B-Base-DPO-Tulu3-decontaminated,MATH500,30.4
ali-elganzory/Qwen3-1.7B-Base-DPO-Tulu3-decontaminated,MBPP,56.0
ali-elganzory/Qwen3-1.7B-Base-SFT-Tulu3-decontaminated,AIME24,3.33
ali-elganzory/Qwen3-1.7B-Base-SFT-Tulu3-decontaminated,AIME25,0.0
ali-elganzory/Qwen3-1.7B-Base-SFT-Tulu3-decontaminated,AMC23,12.5
ali-elganzory/Qwen3-1.7B-Base-SFT-Tulu3-decontaminated,GPQADiamond,30.13
ali-elganzory/Qwen3-1.7B-Base-SFT-Tulu3-decontaminated,HumanEval,48.68
ali-elganzory/Qwen3-1.7B-Base-SFT-Tulu3-decontaminated,IFEval,56.06
ali-elganzory/Qwen3-1.7B-Base-SFT-Tulu3-decontaminated,JEEBench,13.93
ali-elganzory/Qwen3-1.7B-Base-SFT-Tulu3-decontaminated,LiveCodeBench,2.94
ali-elganzory/Qwen3-1.7B-Base-SFT-Tulu3-decontaminated,MATH500,29.6
ali-elganzory/Qwen3-1.7B-Base-SFT-Tulu3-decontaminated,MBPP,55.0
ali-elganzory/SmolLM2-1.7B-16k,AIME24,0.0
ali-elganzory/SmolLM2-1.7B-16k,AIME25,0.0
ali-elganzory/SmolLM2-1.7B-16k,AMC23,2.5
ali-elganzory/SmolLM2-1.7B-16k,GPQADiamond,23.06
ali-elganzory/SmolLM2-1.7B-16k,HumanEval,12.55
ali-elganzory/SmolLM2-1.7B-16k,IFEval,45.46
ali-elganzory/SmolLM2-1.7B-16k,JEEBench,9.13
ali-elganzory/SmolLM2-1.7B-16k,LiveCodeBench,0.78
ali-elganzory/SmolLM2-1.7B-16k,MATH500,11.8
ali-elganzory/SmolLM2-1.7B-16k,MBPP,36.4
ali-elganzory/SmolLM2-1.7B-16k-DPO-Tulu3-decontaminated,AIME24,0.0
ali-elganzory/SmolLM2-1.7B-16k-DPO-Tulu3-decontaminated,AIME25,0.0
ali-elganzory/SmolLM2-1.7B-16k-DPO-Tulu3-decontaminated,AMC23,2.5
ali-elganzory/SmolLM2-1.7B-16k-DPO-Tulu3-decontaminated,GPQADiamond,28.11
ali-elganzory/SmolLM2-1.7B-16k-DPO-Tulu3-decontaminated,HumanEval,20.88
ali-elganzory/SmolLM2-1.7B-16k-DPO-Tulu3-decontaminated,IFEval,51.42
ali-elganzory/SmolLM2-1.7B-16k-DPO-Tulu3-decontaminated,JEEBench,5.78
ali-elganzory/SmolLM2-1.7B-16k-DPO-Tulu3-decontaminated,LiveCodeBench,4.89
ali-elganzory/SmolLM2-1.7B-16k-DPO-Tulu3-decontaminated,MATH500,8.2
ali-elganzory/SmolLM2-1.7B-16k-DPO-Tulu3-decontaminated,MBPP,38.2
ali-elganzory/SmolLM2-1.7B-16k-SFT-Tulu3-decontaminated,AIME24,0.0
ali-elganzory/SmolLM2-1.7B-16k-SFT-Tulu3-decontaminated,AIME25,0.0
ali-elganzory/SmolLM2-1.7B-16k-SFT-Tulu3-decontaminated,AMC23,0.0
ali-elganzory/SmolLM2-1.7B-16k-SFT-Tulu3-decontaminated,GPQADiamond,25.76
ali-elganzory/SmolLM2-1.7B-16k-SFT-Tulu3-decontaminated,HumanEval,19.29
ali-elganzory/SmolLM2-1.7B-16k-SFT-Tulu3-decontaminated,IFEval,49.45
ali-elganzory/SmolLM2-1.7B-16k-SFT-Tulu3-decontaminated,JEEBench,4.81
ali-elganzory/SmolLM2-1.7B-16k-SFT-Tulu3-decontaminated,LiveCodeBench,4.7
ali-elganzory/SmolLM2-1.7B-16k-SFT-Tulu3-decontaminated,MATH500,8.2
ali-elganzory/SmolLM2-1.7B-16k-SFT-Tulu3-decontaminated,MBPP,36.2
ali-elganzory/SmolLM2-1.7B-DPO-Tulu3-decontaminated,AIME24,0.0
ali-elganzory/SmolLM2-1.7B-DPO-Tulu3-decontaminated,AIME25,0.0
ali-elganzory/SmolLM2-1.7B-DPO-Tulu3-decontaminated,AMC23,2.5
ali-elganzory/SmolLM2-1.7B-DPO-Tulu3-decontaminated,GPQADiamond,23.06
ali-elganzory/SmolLM2-1.7B-DPO-Tulu3-decontaminated,HumanEval,18.75
ali-elganzory/SmolLM2-1.7B-DPO-Tulu3-decontaminated,IFEval,45.62
ali-elganzory/SmolLM2-1.7B-DPO-Tulu3-decontaminated,JEEBench,4.17
ali-elganzory/SmolLM2-1.7B-DPO-Tulu3-decontaminated,LiveCodeBench,4.7
ali-elganzory/SmolLM2-1.7B-DPO-Tulu3-decontaminated,MATH500,7.4
ali-elganzory/SmolLM2-1.7B-DPO-Tulu3-decontaminated,MBPP,38.2
ali-elganzory/SmolLM2-1.7B-SFT-Tulu3-decontaminated,AIME24,0.0
ali-elganzory/SmolLM2-1.7B-SFT-Tulu3-decontaminated,AIME25,0.0
ali-elganzory/SmolLM2-1.7B-SFT-Tulu3-decontaminated,AMC23,2.5
ali-elganzory/SmolLM2-1.7B-SFT-Tulu3-decontaminated,GPQADiamond,24.92
ali-elganzory/SmolLM2-1.7B-SFT-Tulu3-decontaminated,HumanEval,19.35
ali-elganzory/SmolLM2-1.7B-SFT-Tulu3-decontaminated,IFEval,44.47
ali-elganzory/SmolLM2-1.7B-SFT-Tulu3-decontaminated,JEEBench,5.49
ali-elganzory/SmolLM2-1.7B-SFT-Tulu3-decontaminated,LiveCodeBench,4.89
ali-elganzory/SmolLM2-1.7B-SFT-Tulu3-decontaminated,MATH500,6.0
ali-elganzory/SmolLM2-1.7B-SFT-Tulu3-decontaminated,MBPP,37.6
ali-elganzory/SmolLM2-1.7B-WithChatTemplate,AIME24,0.0
ali-elganzory/SmolLM2-1.7B-WithChatTemplate,AIME25,0.0
ali-elganzory/SmolLM2-1.7B-WithChatTemplate,AMC23,0.0
ali-elganzory/SmolLM2-1.7B-WithChatTemplate,GPQADiamond,22.73
ali-elganzory/SmolLM2-1.7B-WithChatTemplate,HumanEval,0.0
ali-elganzory/SmolLM2-1.7B-WithChatTemplate,IFEval,24.64
ali-elganzory/SmolLM2-1.7B-WithChatTemplate,JEEBench,0.0
ali-elganzory/SmolLM2-1.7B-WithChatTemplate,LiveCodeBench,0.0
ali-elganzory/SmolLM2-1.7B-WithChatTemplate,MATH500,0.0
ali-elganzory/SmolLM2-1.7B-WithChatTemplate,MBPP,1.8
ali-elganzory/ablation-model-fineweb-edu-DPO-Tulu3-decontaminated,AIME24,0.0
ali-elganzory/ablation-model-fineweb-edu-DPO-Tulu3-decontaminated,AIME25,0.0
ali-elganzory/ablation-model-fineweb-edu-DPO-Tulu3-decontaminated,AMC23,2.5
ali-elganzory/ablation-model-fineweb-edu-DPO-Tulu3-decontaminated,GPQADiamond,25.59
ali-elganzory/ablation-model-fineweb-edu-DPO-Tulu3-decontaminated,HumanEval,0.3
ali-elganzory/ablation-model-fineweb-edu-DPO-Tulu3-decontaminated,IFEval,35.89
ali-elganzory/ablation-model-fineweb-edu-DPO-Tulu3-decontaminated,JEEBench,1.89
ali-elganzory/ablation-model-fineweb-edu-DPO-Tulu3-decontaminated,LiveCodeBench,0.0
ali-elganzory/ablation-model-fineweb-edu-DPO-Tulu3-decontaminated,MATH500,0.4
ali-elganzory/ablation-model-fineweb-edu-DPO-Tulu3-decontaminated,MBPP,3.0
ali-elganzory/ablation-model-fineweb-edu-SFT-Tulu3-decontaminated,AIME24,0.0
ali-elganzory/ablation-model-fineweb-edu-SFT-Tulu3-decontaminated,AIME25,0.0
ali-elganzory/ablation-model-fineweb-edu-SFT-Tulu3-decontaminated,AMC23,5.0
ali-elganzory/ablation-model-fineweb-edu-SFT-Tulu3-decontaminated,GPQADiamond,24.92
ali-elganzory/ablation-model-fineweb-edu-SFT-Tulu3-decontaminated,HumanEval,0.61
ali-elganzory/ablation-model-fineweb-edu-SFT-Tulu3-decontaminated,IFEval,33.59
ali-elganzory/ablation-model-fineweb-edu-SFT-Tulu3-decontaminated,JEEBench,0.92
ali-elganzory/ablation-model-fineweb-edu-SFT-Tulu3-decontaminated,LiveCodeBench,0.2
ali-elganzory/ablation-model-fineweb-edu-SFT-Tulu3-decontaminated,MATH500,0.4
ali-elganzory/ablation-model-fineweb-edu-SFT-Tulu3-decontaminated,MBPP,3.2
ali-elganzory/ablation-model-fineweb-edu-WithChatTemplate,AIME24,0.0
ali-elganzory/ablation-model-fineweb-edu-WithChatTemplate,AIME25,0.0
ali-elganzory/ablation-model-fineweb-edu-WithChatTemplate,AMC23,0.0
ali-elganzory/ablation-model-fineweb-edu-WithChatTemplate,GPQADiamond,20.88
ali-elganzory/ablation-model-fineweb-edu-WithChatTemplate,HumanEval,0.0
ali-elganzory/ablation-model-fineweb-edu-WithChatTemplate,IFEval,28.65
ali-elganzory/ablation-model-fineweb-edu-WithChatTemplate,JEEBench,0.0
ali-elganzory/ablation-model-fineweb-edu-WithChatTemplate,LiveCodeBench,0.0
ali-elganzory/ablation-model-fineweb-edu-WithChatTemplate,MATH500,0.0
ali-elganzory/ablation-model-fineweb-edu-WithChatTemplate,MBPP,0.0
ali-elganzory/open-sci-ref-v0.01-1.7b-nemotron-hq-300B-16384-DPO-Tulu3,AIME24,0.0
ali-elganzory/open-sci-ref-v0.01-1.7b-nemotron-hq-300B-16384-DPO-Tulu3,AIME25,0.0
ali-elganzory/open-sci-ref-v0.01-1.7b-nemotron-hq-300B-16384-DPO-Tulu3,AMC23,2.5
ali-elganzory/open-sci-ref-v0.01-1.7b-nemotron-hq-300B-16384-DPO-Tulu3,GPQADiamond,25.08
ali-elganzory/open-sci-ref-v0.01-1.7b-nemotron-hq-300B-16384-DPO-Tulu3,HumanEval,2.13
ali-elganzory/open-sci-ref-v0.01-1.7b-nemotron-hq-300B-16384-DPO-Tulu3,IFEval,28.92
ali-elganzory/open-sci-ref-v0.01-1.7b-nemotron-hq-300B-16384-DPO-Tulu3,MATH500,3.0
ali-elganzory/open-sci-ref-v0.01-1.7b-nemotron-hq-300B-16384-DPO-Tulu3,MBPP,3.0
ali-elganzory/open-sci-ref-v0.01-1.7b-nemotron-hq-300B-16384-SFT-Tulu3,AIME24,0.0
ali-elganzory/open-sci-ref-v0.01-1.7b-nemotron-hq-300B-16384-SFT-Tulu3,AIME25,0.0
ali-elganzory/open-sci-ref-v0.01-1.7b-nemotron-hq-300B-16384-SFT-Tulu3,AMC23,0.0
ali-elganzory/open-sci-ref-v0.01-1.7b-nemotron-hq-300B-16384-SFT-Tulu3,GPQADiamond,24.24
ali-elganzory/open-sci-ref-v0.01-1.7b-nemotron-hq-300B-16384-SFT-Tulu3,HumanEval,2.13
ali-elganzory/open-sci-ref-v0.01-1.7b-nemotron-hq-300B-16384-SFT-Tulu3,IFEval,28.4
ali-elganzory/open-sci-ref-v0.01-1.7b-nemotron-hq-300B-16384-SFT-Tulu3,MATH500,2.0
ali-elganzory/open-sci-ref-v0.01-1.7b-nemotron-hq-300B-16384-SFT-Tulu3,MBPP,2.4
ali-elganzory/open-sci-ref-v0.01-1.7b-nemotron-hq-300B-16384-WithChatTemplate,AIME24,0.0
ali-elganzory/open-sci-ref-v0.01-1.7b-nemotron-hq-300B-16384-WithChatTemplate,AIME25,0.0
ali-elganzory/open-sci-ref-v0.01-1.7b-nemotron-hq-300B-16384-WithChatTemplate,AMC23,0.0
ali-elganzory/open-sci-ref-v0.01-1.7b-nemotron-hq-300B-16384-WithChatTemplate,GPQADiamond,21.04
ali-elganzory/open-sci-ref-v0.01-1.7b-nemotron-hq-300B-16384-WithChatTemplate,HumanEval,0.0
ali-elganzory/open-sci-ref-v0.01-1.7b-nemotron-hq-300B-16384-WithChatTemplate,IFEval,27.84
ali-elganzory/open-sci-ref-v0.01-1.7b-nemotron-hq-300B-16384-WithChatTemplate,MATH500,0.0
ali-elganzory/open-sci-ref-v0.01-1.7b-nemotron-hq-300B-16384-WithChatTemplate,MBPP,0.2
ali-elganzory/open-sci-ref-v0.02-1.7b-dclm-300B-4096,AIME24,0.0
ali-elganzory/open-sci-ref-v0.02-1.7b-dclm-300B-4096,AIME25,0.0
ali-elganzory/open-sci-ref-v0.02-1.7b-dclm-300B-4096,AMC23,0.0
ali-elganzory/open-sci-ref-v0.02-1.7b-dclm-300B-4096,GPQADiamond,19.7
ali-elganzory/open-sci-ref-v0.02-1.7b-dclm-300B-4096,HumanEval,0.0
ali-elganzory/open-sci-ref-v0.02-1.7b-dclm-300B-4096,IFEval,29.71
ali-elganzory/open-sci-ref-v0.02-1.7b-dclm-300B-4096,JEEBench,0.19
ali-elganzory/open-sci-ref-v0.02-1.7b-dclm-300B-4096,LiveCodeBench,0.0
ali-elganzory/open-sci-ref-v0.02-1.7b-dclm-300B-4096,MATH500,0.0
ali-elganzory/open-sci-ref-v0.02-1.7b-dclm-300B-4096,MBPP,0.0
ali-elganzory/open-sci-ref-v0.02-1.7b-dclm-300B-4096-DPO-Tulu3-decontaminated,AIME24,0.0
ali-elganzory/open-sci-ref-v0.02-1.7b-dclm-300B-4096-DPO-Tulu3-decontaminated,AIME25,0.0
ali-elganzory/open-sci-ref-v0.02-1.7b-dclm-300B-4096-DPO-Tulu3-decontaminated,AMC23,2.5
ali-elganzory/open-sci-ref-v0.02-1.7b-dclm-300B-4096-DPO-Tulu3-decontaminated,GPQADiamond,23.57
ali-elganzory/open-sci-ref-v0.02-1.7b-dclm-300B-4096-DPO-Tulu3-decontaminated,HumanEval,3.05
ali-elganzory/open-sci-ref-v0.02-1.7b-dclm-300B-4096-DPO-Tulu3-decontaminated,IFEval,34.49
ali-elganzory/open-sci-ref-v0.02-1.7b-dclm-300B-4096-DPO-Tulu3-decontaminated,JEEBench,0.63
ali-elganzory/open-sci-ref-v0.02-1.7b-dclm-300B-4096-DPO-Tulu3-decontaminated,MATH500,0.2
ali-elganzory/open-sci-ref-v0.02-1.7b-dclm-300B-4096-DPO-Tulu3-decontaminated,MBPP,5.6
ali-elganzory/open-sci-ref-v0.02-1.7b-dclm-300B-4096-SFT-Tulu3-decontaminated,AIME24,0.0
ali-elganzory/open-sci-ref-v0.02-1.7b-dclm-300B-4096-SFT-Tulu3-decontaminated,AIME25,0.0
ali-elganzory/open-sci-ref-v0.02-1.7b-dclm-300B-4096-SFT-Tulu3-decontaminated,AMC23,0.0
ali-elganzory/open-sci-ref-v0.02-1.7b-dclm-300B-4096-SFT-Tulu3-decontaminated,GPQADiamond,24.41
ali-elganzory/open-sci-ref-v0.02-1.7b-dclm-300B-4096-SFT-Tulu3-decontaminated,HumanEval,2.44
ali-elganzory/open-sci-ref-v0.02-1.7b-dclm-300B-4096-SFT-Tulu3-decontaminated,IFEval,32.42
ali-elganzory/open-sci-ref-v0.02-1.7b-dclm-300B-4096-SFT-Tulu3-decontaminated,JEEBench,1.02
ali-elganzory/open-sci-ref-v0.02-1.7b-dclm-300B-4096-SFT-Tulu3-decontaminated,MATH500,0.2
ali-elganzory/open-sci-ref-v0.02-1.7b-dclm-300B-4096-SFT-Tulu3-decontaminated,MBPP,5.4
ali-elganzory/open-sci-ref-v0.02-1.7b-dclm-300B-4096-longsft_16k,AIME24,0.0
ali-elganzory/open-sci-ref-v0.02-1.7b-dclm-300B-4096-longsft_16k,AIME25,0.0
ali-elganzory/open-sci-ref-v0.02-1.7b-dclm-300B-4096-longsft_16k,AMC23,0.0
ali-elganzory/open-sci-ref-v0.02-1.7b-dclm-300B-4096-longsft_16k,GPQADiamond,24.24
ali-elganzory/open-sci-ref-v0.02-1.7b-dclm-300B-4096-longsft_16k,HumanEval,0.3
ali-elganzory/open-sci-ref-v0.02-1.7b-dclm-300B-4096-longsft_16k,IFEval,34.05
ali-elganzory/open-sci-ref-v0.02-1.7b-dclm-300B-4096-longsft_16k,JEEBench,5.29
ali-elganzory/open-sci-ref-v0.02-1.7b-dclm-300B-4096-longsft_16k,MATH500,0.6
ali-elganzory/open-sci-ref-v0.02-1.7b-dclm-300B-4096-longsft_16k,MBPP,4.6
ali-elganzory/open-sci-ref-v0.02-1.7b-dclm-300B-4096-longsft_16k-DPO-Tulu3-decontaminated,AIME24,0.0
ali-elganzory/open-sci-ref-v0.02-1.7b-dclm-300B-4096-longsft_16k-DPO-Tulu3-decontaminated,AIME25,0.0
ali-elganzory/open-sci-ref-v0.02-1.7b-dclm-300B-4096-longsft_16k-DPO-Tulu3-decontaminated,AMC23,0.0
ali-elganzory/open-sci-ref-v0.02-1.7b-dclm-300B-4096-longsft_16k-DPO-Tulu3-decontaminated,GPQADiamond,26.09
ali-elganzory/open-sci-ref-v0.02-1.7b-dclm-300B-4096-longsft_16k-DPO-Tulu3-decontaminated,HumanEval,3.05
ali-elganzory/open-sci-ref-v0.02-1.7b-dclm-300B-4096-longsft_16k-DPO-Tulu3-decontaminated,JEEBench,1.36
ali-elganzory/open-sci-ref-v0.02-1.7b-dclm-300B-4096-longsft_16k-DPO-Tulu3-decontaminated,MATH500,0.6
ali-elganzory/open-sci-ref-v0.02-1.7b-dclm-300B-4096-longsft_16k-DPO-Tulu3-decontaminated,MBPP,5.2
ali-elganzory/open-sci-ref-v0.02-1.7b-dclm-300B-4096-longsft_16k-SFT-Tulu3-decontaminated,AIME24,0.0
ali-elganzory/open-sci-ref-v0.02-1.7b-dclm-300B-4096-longsft_16k-SFT-Tulu3-decontaminated,AIME25,0.0
ali-elganzory/open-sci-ref-v0.02-1.7b-dclm-300B-4096-longsft_16k-SFT-Tulu3-decontaminated,AMC23,2.5
ali-elganzory/open-sci-ref-v0.02-1.7b-dclm-300B-4096-longsft_16k-SFT-Tulu3-decontaminated,GPQADiamond,26.09
ali-elganzory/open-sci-ref-v0.02-1.7b-dclm-300B-4096-longsft_16k-SFT-Tulu3-decontaminated,HumanEval,3.05
ali-elganzory/open-sci-ref-v0.02-1.7b-dclm-300B-4096-longsft_16k-SFT-Tulu3-decontaminated,IFEval,37.29
ali-elganzory/open-sci-ref-v0.02-1.7b-dclm-300B-4096-longsft_16k-SFT-Tulu3-decontaminated,JEEBench,1.21
ali-elganzory/open-sci-ref-v0.02-1.7b-dclm-300B-4096-longsft_16k-SFT-Tulu3-decontaminated,MATH500,0.4
ali-elganzory/open-sci-ref-v0.02-1.7b-dclm-300B-4096-longsft_16k-SFT-Tulu3-decontaminated,MBPP,5.2
ali-elganzory/open-sci-ref-v0.02-1.7b-fineweb-edu-1.4t-300B-4096,AIME24,0.0
ali-elganzory/open-sci-ref-v0.02-1.7b-fineweb-edu-1.4t-300B-4096,AIME25,0.0
ali-elganzory/open-sci-ref-v0.02-1.7b-fineweb-edu-1.4t-300B-4096,AMC23,0.0
ali-elganzory/open-sci-ref-v0.02-1.7b-fineweb-edu-1.4t-300B-4096,GPQADiamond,24.75
ali-elganzory/open-sci-ref-v0.02-1.7b-fineweb-edu-1.4t-300B-4096,HumanEval,0.0
ali-elganzory/open-sci-ref-v0.02-1.7b-fineweb-edu-1.4t-300B-4096,IFEval,28.66
ali-elganzory/open-sci-ref-v0.02-1.7b-fineweb-edu-1.4t-300B-4096,JEEBench,0.0
ali-elganzory/open-sci-ref-v0.02-1.7b-fineweb-edu-1.4t-300B-4096,LiveCodeBench,0.0
ali-elganzory/open-sci-ref-v0.02-1.7b-fineweb-edu-1.4t-300B-4096,MATH500,0.0
ali-elganzory/open-sci-ref-v0.02-1.7b-fineweb-edu-1.4t-300B-4096,MBPP,0.0
ali-elganzory/open-sci-ref-v0.02-1.7b-fineweb-edu-1.4t-300B-4096-4096-longsft_16k,AIME24,0.0
ali-elganzory/open-sci-ref-v0.02-1.7b-fineweb-edu-1.4t-300B-4096-4096-longsft_16k,AIME25,0.0
ali-elganzory/open-sci-ref-v0.02-1.7b-fineweb-edu-1.4t-300B-4096-4096-longsft_16k,AMC23,2.5
ali-elganzory/open-sci-ref-v0.02-1.7b-fineweb-edu-1.4t-300B-4096-4096-longsft_16k,GPQADiamond,25.93
ali-elganzory/open-sci-ref-v0.02-1.7b-fineweb-edu-1.4t-300B-4096-4096-longsft_16k,HumanEval,1.52
ali-elganzory/open-sci-ref-v0.02-1.7b-fineweb-edu-1.4t-300B-4096-4096-longsft_16k,IFEval,33.79
ali-elganzory/open-sci-ref-v0.02-1.7b-fineweb-edu-1.4t-300B-4096-4096-longsft_16k,JEEBench,7.48
ali-elganzory/open-sci-ref-v0.02-1.7b-fineweb-edu-1.4t-300B-4096-4096-longsft_16k,LiveCodeBench,0.0
ali-elganzory/open-sci-ref-v0.02-1.7b-fineweb-edu-1.4t-300B-4096-4096-longsft_16k,MATH500,1.6
ali-elganzory/open-sci-ref-v0.02-1.7b-fineweb-edu-1.4t-300B-4096-4096-longsft_16k,MBPP,0.0
ali-elganzory/open-sci-ref-v0.02-1.7b-fineweb-edu-1.4t-300B-4096-DPO-Tulu3-decontaminated,AIME24,0.0
ali-elganzory/open-sci-ref-v0.02-1.7b-fineweb-edu-1.4t-300B-4096-DPO-Tulu3-decontaminated,AIME25,0.0
ali-elganzory/open-sci-ref-v0.02-1.7b-fineweb-edu-1.4t-300B-4096-DPO-Tulu3-decontaminated,AMC23,2.5
ali-elganzory/open-sci-ref-v0.02-1.7b-fineweb-edu-1.4t-300B-4096-DPO-Tulu3-decontaminated,GPQADiamond,25.76
ali-elganzory/open-sci-ref-v0.02-1.7b-fineweb-edu-1.4t-300B-4096-DPO-Tulu3-decontaminated,HumanEval,0.0
ali-elganzory/open-sci-ref-v0.02-1.7b-fineweb-edu-1.4t-300B-4096-DPO-Tulu3-decontaminated,IFEval,28.93
ali-elganzory/open-sci-ref-v0.02-1.7b-fineweb-edu-1.4t-300B-4096-DPO-Tulu3-decontaminated,JEEBench,2.18
ali-elganzory/open-sci-ref-v0.02-1.7b-fineweb-edu-1.4t-300B-4096-DPO-Tulu3-decontaminated,LiveCodeBench,0.0
ali-elganzory/open-sci-ref-v0.02-1.7b-fineweb-edu-1.4t-300B-4096-DPO-Tulu3-decontaminated,MATH500,1.6
ali-elganzory/open-sci-ref-v0.02-1.7b-fineweb-edu-1.4t-300B-4096-DPO-Tulu3-decontaminated,MBPP,2.2
ali-elganzory/open-sci-ref-v0.02-1.7b-fineweb-edu-1.4t-300B-4096-SFT-Tulu3-decontaminated,AIME24,0.0
ali-elganzory/open-sci-ref-v0.02-1.7b-fineweb-edu-1.4t-300B-4096-SFT-Tulu3-decontaminated,AIME25,0.0
ali-elganzory/open-sci-ref-v0.02-1.7b-fineweb-edu-1.4t-300B-4096-SFT-Tulu3-decontaminated,AMC23,0.0
ali-elganzory/open-sci-ref-v0.02-1.7b-fineweb-edu-1.4t-300B-4096-SFT-Tulu3-decontaminated,GPQADiamond,28.11
ali-elganzory/open-sci-ref-v0.02-1.7b-fineweb-edu-1.4t-300B-4096-SFT-Tulu3-decontaminated,HumanEval,0.3
ali-elganzory/open-sci-ref-v0.02-1.7b-fineweb-edu-1.4t-300B-4096-SFT-Tulu3-decontaminated,IFEval,28.24
ali-elganzory/open-sci-ref-v0.02-1.7b-fineweb-edu-1.4t-300B-4096-SFT-Tulu3-decontaminated,JEEBench,2.09
ali-elganzory/open-sci-ref-v0.02-1.7b-fineweb-edu-1.4t-300B-4096-SFT-Tulu3-decontaminated,LiveCodeBench,0.0
ali-elganzory/open-sci-ref-v0.02-1.7b-fineweb-edu-1.4t-300B-4096-SFT-Tulu3-decontaminated,MATH500,1.0
ali-elganzory/open-sci-ref-v0.02-1.7b-fineweb-edu-1.4t-300B-4096-SFT-Tulu3-decontaminated,MBPP,0.8
ali-elganzory/open-sci-ref-v0.02-1.7b-fineweb-edu-1.4t-300B-4096-longsft_16k-DPO-Tulu3-decontaminated,AIME24,0.0
ali-elganzory/open-sci-ref-v0.02-1.7b-fineweb-edu-1.4t-300B-4096-longsft_16k-DPO-Tulu3-decontaminated,AIME25,0.0
ali-elganzory/open-sci-ref-v0.02-1.7b-fineweb-edu-1.4t-300B-4096-longsft_16k-DPO-Tulu3-decontaminated,AMC23,0.0
ali-elganzory/open-sci-ref-v0.02-1.7b-fineweb-edu-1.4t-300B-4096-longsft_16k-DPO-Tulu3-decontaminated,GPQADiamond,25.76
ali-elganzory/open-sci-ref-v0.02-1.7b-fineweb-edu-1.4t-300B-4096-longsft_16k-DPO-Tulu3-decontaminated,HumanEval,1.22
ali-elganzory/open-sci-ref-v0.02-1.7b-fineweb-edu-1.4t-300B-4096-longsft_16k-DPO-Tulu3-decontaminated,IFEval,35.7
ali-elganzory/open-sci-ref-v0.02-1.7b-fineweb-edu-1.4t-300B-4096-longsft_16k-DPO-Tulu3-decontaminated,JEEBench,2.57
ali-elganzory/open-sci-ref-v0.02-1.7b-fineweb-edu-1.4t-300B-4096-longsft_16k-DPO-Tulu3-decontaminated,MATH500,1.4
ali-elganzory/open-sci-ref-v0.02-1.7b-fineweb-edu-1.4t-300B-4096-longsft_16k-DPO-Tulu3-decontaminated,MBPP,0.2
ali-elganzory/open-sci-ref-v0.02-1.7b-fineweb-edu-1.4t-300B-4096-longsft_16k-SFT-Tulu3-decontaminated,AIME24,0.0
ali-elganzory/open-sci-ref-v0.02-1.7b-fineweb-edu-1.4t-300B-4096-longsft_16k-SFT-Tulu3-decontaminated,AIME25,0.0
ali-elganzory/open-sci-ref-v0.02-1.7b-fineweb-edu-1.4t-300B-4096-longsft_16k-SFT-Tulu3-decontaminated,AMC23,0.0
ali-elganzory/open-sci-ref-v0.02-1.7b-fineweb-edu-1.4t-300B-4096-longsft_16k-SFT-Tulu3-decontaminated,GPQADiamond,26.26
ali-elganzory/open-sci-ref-v0.02-1.7b-fineweb-edu-1.4t-300B-4096-longsft_16k-SFT-Tulu3-decontaminated,HumanEval,1.83
ali-elganzory/open-sci-ref-v0.02-1.7b-fineweb-edu-1.4t-300B-4096-longsft_16k-SFT-Tulu3-decontaminated,IFEval,34.29
ali-elganzory/open-sci-ref-v0.02-1.7b-fineweb-edu-1.4t-300B-4096-longsft_16k-SFT-Tulu3-decontaminated,JEEBench,2.18
ali-elganzory/open-sci-ref-v0.02-1.7b-fineweb-edu-1.4t-300B-4096-longsft_16k-SFT-Tulu3-decontaminated,LiveCodeBench,0.0
ali-elganzory/open-sci-ref-v0.02-1.7b-fineweb-edu-1.4t-300B-4096-longsft_16k-SFT-Tulu3-decontaminated,MATH500,2.0
ali-elganzory/open-sci-ref-v0.02-1.7b-fineweb-edu-1.4t-300B-4096-longsft_16k-SFT-Tulu3-decontaminated,MBPP,0.6
ali-elganzory/open-sci-ref-v0.02-1.7b-nemotron-hq-300B-16384-rope_theta-1M-long_sft_16k,AIME24,0.0
ali-elganzory/open-sci-ref-v0.02-1.7b-nemotron-hq-300B-16384-rope_theta-1M-long_sft_16k,AIME25,0.0
ali-elganzory/open-sci-ref-v0.02-1.7b-nemotron-hq-300B-16384-rope_theta-1M-long_sft_16k,AMC23,0.0
ali-elganzory/open-sci-ref-v0.02-1.7b-nemotron-hq-300B-16384-rope_theta-1M-long_sft_16k,GPQADiamond,28.79
ali-elganzory/open-sci-ref-v0.02-1.7b-nemotron-hq-300B-16384-rope_theta-1M-long_sft_16k,HumanEval,0.91
ali-elganzory/open-sci-ref-v0.02-1.7b-nemotron-hq-300B-16384-rope_theta-1M-long_sft_16k,IFEval,33.17
ali-elganzory/open-sci-ref-v0.02-1.7b-nemotron-hq-300B-16384-rope_theta-1M-long_sft_16k,JEEBench,5.1
ali-elganzory/open-sci-ref-v0.02-1.7b-nemotron-hq-300B-16384-rope_theta-1M-long_sft_16k,LiveCodeBench,0.0
ali-elganzory/open-sci-ref-v0.02-1.7b-nemotron-hq-300B-16384-rope_theta-1M-long_sft_16k,MATH500,2.0
ali-elganzory/open-sci-ref-v0.02-1.7b-nemotron-hq-300B-16384-rope_theta-1M-long_sft_16k,MBPP,0.8
ali-elganzory/open-sci-ref-v0.02-1.7b-nemotron-hq-300B-16k-DPO-Tulu3-decontaminated,AIME24,0.0
ali-elganzory/open-sci-ref-v0.02-1.7b-nemotron-hq-300B-16k-DPO-Tulu3-decontaminated,AIME25,0.0
ali-elganzory/open-sci-ref-v0.02-1.7b-nemotron-hq-300B-16k-DPO-Tulu3-decontaminated,AMC23,2.5
ali-elganzory/open-sci-ref-v0.02-1.7b-nemotron-hq-300B-16k-DPO-Tulu3-decontaminated,GPQADiamond,27.44
ali-elganzory/open-sci-ref-v0.02-1.7b-nemotron-hq-300B-16k-DPO-Tulu3-decontaminated,HumanEval,0.91
ali-elganzory/open-sci-ref-v0.02-1.7b-nemotron-hq-300B-16k-DPO-Tulu3-decontaminated,IFEval,37.19
ali-elganzory/open-sci-ref-v0.02-1.7b-nemotron-hq-300B-16k-DPO-Tulu3-decontaminated,JEEBench,2.82
ali-elganzory/open-sci-ref-v0.02-1.7b-nemotron-hq-300B-16k-DPO-Tulu3-decontaminated,LiveCodeBench,0.0
ali-elganzory/open-sci-ref-v0.02-1.7b-nemotron-hq-300B-16k-DPO-Tulu3-decontaminated,MATH500,1.4
ali-elganzory/open-sci-ref-v0.02-1.7b-nemotron-hq-300B-16k-DPO-Tulu3-decontaminated,MBPP,0.2
ali-elganzory/open-sci-ref-v0.02-1.7b-nemotron-hq-300B-16k-SFT-Tulu3-decontaminated,AIME24,0.0
ali-elganzory/open-sci-ref-v0.02-1.7b-nemotron-hq-300B-16k-SFT-Tulu3-decontaminated,AIME25,0.0
ali-elganzory/open-sci-ref-v0.02-1.7b-nemotron-hq-300B-16k-SFT-Tulu3-decontaminated,AMC23,2.5
ali-elganzory/open-sci-ref-v0.02-1.7b-nemotron-hq-300B-16k-SFT-Tulu3-decontaminated,GPQADiamond,25.93
ali-elganzory/open-sci-ref-v0.02-1.7b-nemotron-hq-300B-16k-SFT-Tulu3-decontaminated,HumanEval,1.52
ali-elganzory/open-sci-ref-v0.02-1.7b-nemotron-hq-300B-16k-SFT-Tulu3-decontaminated,IFEval,36.54
ali-elganzory/open-sci-ref-v0.02-1.7b-nemotron-hq-300B-16k-SFT-Tulu3-decontaminated,JEEBench,3.3
ali-elganzory/open-sci-ref-v0.02-1.7b-nemotron-hq-300B-16k-SFT-Tulu3-decontaminated,LiveCodeBench,0.2
ali-elganzory/open-sci-ref-v0.02-1.7b-nemotron-hq-300B-16k-SFT-Tulu3-decontaminated,MATH500,1.4
ali-elganzory/open-sci-ref-v0.02-1.7b-nemotron-hq-300B-16k-SFT-Tulu3-decontaminated,MBPP,0.2
ali-elganzory/open-sci-ref-v0.02-1.7b-nemotron-hq-300B-4096,AIME24,0.0
ali-elganzory/open-sci-ref-v0.02-1.7b-nemotron-hq-300B-4096,AIME25,0.0
ali-elganzory/open-sci-ref-v0.02-1.7b-nemotron-hq-300B-4096,AMC23,0.0
ali-elganzory/open-sci-ref-v0.02-1.7b-nemotron-hq-300B-4096,GPQADiamond,18.86
ali-elganzory/open-sci-ref-v0.02-1.7b-nemotron-hq-300B-4096,HumanEval,0.0
ali-elganzory/open-sci-ref-v0.02-1.7b-nemotron-hq-300B-4096,IFEval,22.93
ali-elganzory/open-sci-ref-v0.02-1.7b-nemotron-hq-300B-4096,JEEBench,0.05
ali-elganzory/open-sci-ref-v0.02-1.7b-nemotron-hq-300B-4096,LiveCodeBench,0.0
ali-elganzory/open-sci-ref-v0.02-1.7b-nemotron-hq-300B-4096,MATH500,0.0
ali-elganzory/open-sci-ref-v0.02-1.7b-nemotron-hq-300B-4096,MBPP,0.2
ali-elganzory/open-sci-ref-v0.02-1.7b-nemotron-hq-300B-4096-DPO-Tulu3-decontaminated,AIME24,0.0
ali-elganzory/open-sci-ref-v0.02-1.7b-nemotron-hq-300B-4096-DPO-Tulu3-decontaminated,AIME25,0.0
ali-elganzory/open-sci-ref-v0.02-1.7b-nemotron-hq-300B-4096-DPO-Tulu3-decontaminated,AMC23,5.0
ali-elganzory/open-sci-ref-v0.02-1.7b-nemotron-hq-300B-4096-DPO-Tulu3-decontaminated,GPQADiamond,22.73
ali-elganzory/open-sci-ref-v0.02-1.7b-nemotron-hq-300B-4096-DPO-Tulu3-decontaminated,HumanEval,0.0
ali-elganzory/open-sci-ref-v0.02-1.7b-nemotron-hq-300B-4096-DPO-Tulu3-decontaminated,IFEval,34.59
ali-elganzory/open-sci-ref-v0.02-1.7b-nemotron-hq-300B-4096-DPO-Tulu3-decontaminated,JEEBench,3.4
ali-elganzory/open-sci-ref-v0.02-1.7b-nemotron-hq-300B-4096-DPO-Tulu3-decontaminated,LiveCodeBench,0.2
ali-elganzory/open-sci-ref-v0.02-1.7b-nemotron-hq-300B-4096-DPO-Tulu3-decontaminated,MATH500,2.8
ali-elganzory/open-sci-ref-v0.02-1.7b-nemotron-hq-300B-4096-DPO-Tulu3-decontaminated,MBPP,3.2
ali-elganzory/open-sci-ref-v0.02-1.7b-nemotron-hq-300B-4096-SFT-Tulu3-decontaminated,AIME24,0.0
ali-elganzory/open-sci-ref-v0.02-1.7b-nemotron-hq-300B-4096-SFT-Tulu3-decontaminated,AIME25,0.0
ali-elganzory/open-sci-ref-v0.02-1.7b-nemotron-hq-300B-4096-SFT-Tulu3-decontaminated,AMC23,2.5
ali-elganzory/open-sci-ref-v0.02-1.7b-nemotron-hq-300B-4096-SFT-Tulu3-decontaminated,GPQADiamond,23.4
ali-elganzory/open-sci-ref-v0.02-1.7b-nemotron-hq-300B-4096-SFT-Tulu3-decontaminated,HumanEval,1.83
ali-elganzory/open-sci-ref-v0.02-1.7b-nemotron-hq-300B-4096-SFT-Tulu3-decontaminated,IFEval,34.45
ali-elganzory/open-sci-ref-v0.02-1.7b-nemotron-hq-300B-4096-SFT-Tulu3-decontaminated,JEEBench,2.33
ali-elganzory/open-sci-ref-v0.02-1.7b-nemotron-hq-300B-4096-SFT-Tulu3-decontaminated,LiveCodeBench,0.2
ali-elganzory/open-sci-ref-v0.02-1.7b-nemotron-hq-300B-4096-SFT-Tulu3-decontaminated,MATH500,3.2
ali-elganzory/open-sci-ref-v0.02-1.7b-nemotron-hq-300B-4096-SFT-Tulu3-decontaminated,MBPP,5.8
ontocord/SmolLM2-1.7B-16k,AIME24,0.0
ontocord/SmolLM2-1.7B-16k,AIME25,0.0
ontocord/SmolLM2-1.7B-16k,AMC23,0.0
ontocord/SmolLM2-1.7B-16k,GPQADiamond,24.58
ontocord/SmolLM2-1.7B-16k,HumanEval,13.16
ontocord/SmolLM2-1.7B-16k,IFEval,44.33
ontocord/SmolLM2-1.7B-16k,MATH500,12.2
ontocord/SmolLM2-1.7B-16k,MBPP,36.0
